type,location,bedrooms,title,old_price,new_price,pct_change,listing_url
new_listing,Victoria Island,2,Furnished 2 Bed Apartment With Cinema Vi Bishop Oluwole Street Victoria Island Lagos Furnished 2 Bed Apartment With Cinema Vi / Flat Apartment FOR Rent,,35000000,,https://propertypro.ng/agent/et-cetera-homes
price_change,Ikeja GRA,3,3 Bedroom Apartment Gra Ikeja Gra Ikeja Lagos 3 Bedroom Apartment / Flat Apartment FOR Rent,4000000,25000000,525.0,https://propertypro.ng/agent/spudy-global-limited
new_listing,Victoria Island,,"2 Units Flat Empty And Gated Landed Property Eko Atlantic City, Eko Atlantic City Victoria Island Lagos 2 Units Flat Empty And Gated Landed Property / Land FOR Sale",,3000000,,https://propertypro.ng/agent/propertywire-nigeria-limited
new_listing,Old Ikoyi,4,Must See 4 Bedroom Newly Built Apartment Off Glover Old Ikoyi Ikoyi Lagos 4 Bedroom Newly Built Apartment / Flat Apartment FOR Sale,,800000000,,https://propertypro.ng/property/4-bedroom-flat-apartment-for-sale-off-glover-old-ikoyi-ikoyi-lagos-3QBZM
new_listing,Old Ikoyi,4,Must See 4 Bedroom Newly Built Apartment Off Glover Old Ikoyi Ikoyi Lagos 4 Bedroom Newly Built Apartment / Flat Apartment FOR Sale,,800000000,,https://propertypro.ng/property/4-bedroom-flat-apartment-for-sale-off-glover-old-ikoyi-ikoyi-lagos-2QBZM
new_listing,Old Ikoyi,4,4 Bedroom Newly Built Apartment Off Glover Old Ikoyi Ikoyi Lagos 4 Bedroom Newly Built Apartment / Flat Apartment FOR Sale,,800000000,,https://propertypro.ng/property/4-bedroom-flat-apartment-for-sale-off-glover-old-ikoyi-ikoyi-lagos-1QBZM
new_listing,Old Ikoyi,,"4,300 Sqm Of Prime Development Land Old Ikoyi Ikoyi Lagos 4,300 Sqm Of Prime Development Land / Land FOR Sale",,4300000,,https://propertypro.ng/property/land-for-sale-old-ikoyi-ikoyi-lagos-8QETL
price_change,Victoria Island,3,3 Bedroom Apartment Victoria Island Lagos 3 Bedroom Apartment / Flat Apartment FOR Sale,700000000,600000000,-14.3,https://propertypro.ng/agent/tugaris-realtor
price_change,Lekki Phase 1,1,Furnished 1bedroom Apartment Lekki Phase 1 Lekki Lagos Furnished 1bedroom Apartment / Flat Apartment FOR Rent,9000000,8500000,-5.6,https://propertypro.ng/agent/faith-theo-enterprise
new_listing,Victoria Island,2,Offplan 2 Bedroom Apartment With Bq Victoria Island Lagos Offplan 2 Bedroom Apartment With Bq / Flat Apartment FOR Sale,,650000000,,https://propertypro.ng/agent/salome-etim1
new_listing,Lekki Phase 1,4,4 Bedroom Terrace Duplex With Bq Lekki Phase 1 Lekki Lagos 4 Bedroom Terrace Duplex With Bq / House FOR SALE,,350000000,,https://propertypro.ng/agent/beth-iros
new_listing,Victoria Island,5,5 Bedroom Detached Duplex With Swimming Pool For Sale Chevron Toll Gate Lekki Lagos 5 Bedroom Detached Duplex With Swimming Pool For Sale / House FOR SALE,,450000000,,https://propertypro.ng/agent/solomon-ifreke-edet
price_change,Maitama,2,Self Serviced 2 Bedroom Apartment Freedom Way Lekki Lagos Self Serviced 2 Bedroom Apartment / House FOR SHORTLET,450000000,840000,-99.8,https://propertypro.ng/agent/angel-mercy
new_listing,Ikeja GRA,3,Newly Built 3 Bedroom Flat With Bq Ikeja Gra Ikeja Lagos Newly Built 3 Bedroom Flat With Bq / Flat Apartment FOR Sale,,450000000,,https://propertypro.ng/agent/seeded-home-realtors-limited
new_listing,Ikeja GRA,3,Newly Built 3 Bedroom Apartment Ikeja Gra Ikeja Lagos Newly Built 3 Bedroom Apartment / Flat Apartment FOR Sale,,400000000,,https://propertypro.ng/agent/titilayomi-comfort
new_listing,Ikeja GRA,3,3 Bedroom Apartments With Elevator &cctv In Gra Lkeja Ikeja Gra Ikeja Gra Ikeja Lagos 3 Bedroom Apartments With Elevator &cctv In Gra Lkeja / Flat Apartment FOR Sale,,400000000,,https://propertypro.ng/property/3-bedroom-flat-apartment-for-sale-ikeja-gra-ikeja-gra-ikeja-lagos-3QCAT
price_change,Asokoro,3,3 Bedrooms Apartment With Bq For Sale Asokoro Abuja 3 Bedrooms Apartment With Bq For Sale / Flat Apartment FOR Sale,9000000,190000000,2011.1,https://propertypro.ng/agent/vnt-global-services-limited
price_change,Asokoro,1,1 Bedroom Flat Naf Valley Estate Asokoro Abuja 1 Bedroom Flat / Flat Apartment FOR Rent,25000000,4000000,-84.0,https://propertypro.ng/agent/oputa-jay-apartments
new_listing,Asokoro,3,3bedroom Apartments For Sale! Guzape Abuja 3bedroom Apartments For Sale! / Flat / Apartment FOR SALE,,350000000,,https://propertypro.ng/agent/shalom-ezekiel
new_listing,Asokoro,1,Furnished 1 Bedroom Flat Asokoro District By Ecowas Asokoro Abuja Furnished 1 Bedroom Flat / Flat Apartment FOR Rent,,8000000,,https://propertypro.ng/property/1-bedroom-flat-apartment-for-rent-asokoro-district-by-ecowas-asokoro-abuja-9QBHW
new_listing,Asokoro,1,Furnished 1 Bedroom Flat Asokoro District By Ecowas Asokoro Abuja Furnished 1 Bedroom Flat / Flat Apartment FOR Rent,,8000000,,https://propertypro.ng/agent/jay-realtor
new_listing,Maitama,2,Self Serviced 2 Bedroom Apartment Freedom Way Lekki Lagos Self Serviced 2 Bedroom Apartment / House FOR SHORTLET,,840000,,https://propertypro.ng/property-for-shortlet/is-furnished
new_listing,Maitama,2,Self Serviced 2 Bedroom Apartment Freedom Way Lekki Lagos Self Serviced 2 Bedroom Apartment / House FOR SHORTLET,,840000,,https://propertypro.ng/property-for-shortlet/is-serviced
new_listing,Maitama,2,2 Bedroom Shortlet Maitama Abuja 2 Bedroom Shortlet / Flat Apartment FOR Rent,,90000,,https://propertypro.ng/agent/olivemore-homes1
new_listing,Maitama,,Land Maitama Abuja Land / Land FOR Sale,,1800000000,,https://propertypro.ng/agent/tj-proactive-global-limited1
new_listing,Maitama,,33 Acres Of Land Free Trade Zone Ibeju Lekki Lagos 33 Acres Of Land / Land FOR SALE,,30000000,,https://propertypro.ng/agent/ngbeken-dennis
new_listing,Banana Island,3,Premium 22,,1200000000,,https://nigeriapropertycentre.com/for-sale/flats-apartments/lagos/ikoyi/banana-island/3675383-luxury-3-bedroom-furnished-apartment-with-pool
price_change,Banana Island,4,1–21 of 524 properties for sale Sort: Default Default Most recent Highest price Lowest price Verification status Premium Plus Top promoted listing 20 photos Video,720000000,1200000000,66.7,https://nigeriapropertycentre.com/for-sale/flats-apartments/lagos/ikoyi/banana-island/3656228-super-spacious-and-luxury-3-bedroom-apartment-with-ensuite-bq
new_listing,Banana Island,4,1–21 of 524 properties for sale Sort: Default Default Most recent Highest price Lowest price Verification status Premium Plus Top promoted listing 20 photos Video,,1200000000,,https://nigeriapropertycentre.com/for-sale/flats-apartments/lagos/ikoyi/banana-island/3421281-fully-furnished-views-of-lagos-lagoon-iconic-ikoyi-bridge
price_change,Banana Island,4,1–21 of 524 properties for sale Sort: Default Default Most recent Highest price Lowest price Verification status Premium Plus Top promoted listing 20 photos Video,720000000,1200000000,66.7,https://nigeriapropertycentre.com/for-sale/flats-apartments/lagos/ikoyi/banana-island/3649653-4-bedroom-luxury-high-rise-residence
new_listing,Banana Island,4,1–21 of 524 properties for sale Sort: Default Default Most recent Highest price Lowest price Verification status Premium Plus Top promoted listing 20 photos Video,,1200000000,,https://nigeriapropertycentre.com/for-sale/flats-apartments/lagos/ikoyi/banana-island/3649987-3-bedroom-apartment
new_listing,Banana Island,3,Premium Plus Top promoted listing 20 photos,,40000000,,https://nigeriapropertycentre.com/for-rent/flats-apartments/lagos/ikoyi/banana-island/3388573-luxury-3-bedroom-fully-furnished-flat-with-excellent-facility
new_listing,Banana Island,3,"/ apartment for rent 3 Bedroom Semi Furnished Apartment For rent Semi Furnished 3 Bedroom Apartment with Elevator + Swimming Pool + Gym Location: Banana Island, Ikoyi, Lagos Rent:",,35000000,,https://nigeriapropertycentre.com/for-rent/flats-apartments/lagos/ikoyi/banana-island/3676523-3-bedroom-semi-furnished-apartment
new_listing,Banana Island,3,Premium 25,,35000000,,https://nigeriapropertycentre.com/for-rent/flats-apartments/lagos/ikoyi/banana-island/3675750-3-bedroom-apartment-with-elevator
new_listing,Banana Island,3,Premium 11,,55000000,,https://nigeriapropertycentre.com/for-rent/flats-apartments/lagos/ikoyi/banana-island/3675668-furnished-3-bedroom-apartment-with-bq
new_listing,Banana Island,4,"Apartment, BQ, Pool, Jetty, Squash, Etc Direct clients preferable Premium 4 bedroom apartment with bq, gym, swimming pool, kids play area, squash etc in Parkview Estate Ikoyi Rent:",,55000000,,https://nigeriapropertycentre.com/for-rent/flats-apartments/lagos/ikoyi/banana-island/3675259-premium-4-bedroom-apartment-bq-pool-jetty-squash-etc
new_listing,Banana Island,2,"Premium 5 ₦25,000,000 /yr Flat / apartment for rent 2 Bedroom Self-Serviced Apartment with BQ Selfserviced 2bedroom apartment with a bq in banana island for rent. Solar/inverter/ge",,25000000,,https://nigeriapropertycentre.com/for-rent/flats-apartments/lagos/ikoyi/banana-island/3675258-2-bedroom-self-serviced-apartment-with-bq
new_listing,Banana Island,3,rs (BQ) Fully Fitted Kitchen Private Balconies Elevator Swimming Pool Fully Equipped Gym House 24/7 Power Supply Serene & Secure Residential Environment Rental Details Annual Rent:,,40000000,,https://nigeriapropertycentre.com/for-rent/flats-apartments/lagos/ikoyi/banana-island/3674648-3-bedroom-apartment-bq
new_listing,Banana Island,,1–20 of 189 properties for sale Sort: Default Default Most recent Highest price Lowest price Verification status Premium 1,,7000000000,,https://nigeriapropertycentre.com/for-sale/land/residential-land/lagos/ikoyi/banana-island/3390076-waterfront-1200sqm-land
new_listing,Banana Island,,"per sq.m Residential land for sale 2,600 SQM Waterfront Land Location: Off 3rd Avenue, Banana Island Estate, Ikoyi, Lagos Property Type: Waterfront Land Land Size: 2,600 SQM Price:",,5000000,,https://nigeriapropertycentre.com/for-sale/land/residential-land/lagos/ikoyi/banana-island/3675367-2600-sqm-waterfront-land
new_listing,Banana Island,,"Premium 1 ₦4,800,000,000 Residential land for sale 900SQM of Land Jord 102 Close, Banana Island, Ikoyi, Lagos Added yesterday Crown Property Global Consultant",,4800000000,,https://nigeriapropertycentre.com/for-sale/land/residential-land/lagos/ikoyi/banana-island/3675061-900sqm-of-land
new_listing,Banana Island,,"or sale 2,594SQM Waterfront Land Deals on deals banana island banana island waterfront.* Location: Banana Island, Ikoyi, Lagos Land Size: 2,594 sqm Title: Lagos State C of O Price:",,4800000,,https://nigeriapropertycentre.com/for-sale/land/residential-land/lagos/ikoyi/banana-island/3674206-2594sqm-waterfront-land
new_listing,Banana Island,,1–20 of 189 properties for sale Sort: Default Default Most recent Highest price Lowest price Verification status Premium 1,,7000000000,,https://nigeriapropertycentre.com/for-sale/land/residential-land/lagos/ikoyi/banana-island/3673322-waterfront-land
new_listing,Banana Island,,1–20 of 189 properties for sale Sort: Default Default Most recent Highest price Lowest price Verification status Premium 1,,7000000000,,https://nigeriapropertycentre.com/for-sale/land/residential-land/lagos/ikoyi/banana-island/3671718-waterfront-residential-land
new_listing,Banana Island,,1–20 of 189 properties for sale Sort: Default Default Most recent Highest price Lowest price Verification status Premium 1,,7000000000,,https://nigeriapropertycentre.com/for-sale/land/residential-land/lagos/ikoyi/banana-island/3625362-premium-500-sqm-land-in-a-close-in-an-estate
new_listing,Banana Island,,1–20 of 189 properties for sale Sort: Default Default Most recent Highest price Lowest price Verification status Premium 1,,7000000000,,https://nigeriapropertycentre.com/for-sale/land/residential-land/lagos/ikoyi/banana-island/3670995-prime-1200sqm-land
new_listing,Banana Island,,1–20 of 189 properties for sale Sort: Default Default Most recent Highest price Lowest price Verification status Premium 1,,7000000000,,https://nigeriapropertycentre.com/for-sale/land/residential-land/lagos/ikoyi/banana-island/3670891-waterfront-residential-land
new_listing,Banana Island,,1–20 of 189 properties for sale Sort: Default Default Most recent Highest price Lowest price Verification status Premium 1,,7000000000,,https://nigeriapropertycentre.com/for-sale/land/residential-land/lagos/ikoyi/banana-island/3670887-1000-sqm-residential-land
new_listing,Banana Island,,1–20 of 189 properties for sale Sort: Default Default Most recent Highest price Lowest price Verification status Premium 1,,7000000000,,https://nigeriapropertycentre.com/for-sale/land/residential-land/lagos/ikoyi/banana-island/2935360-water-front-land-measuring-2200-sqm
new_listing,Banana Island,,1–20 of 189 properties for sale Sort: Default Default Most recent Highest price Lowest price Verification status Premium 1,,7000000000,,https://nigeriapropertycentre.com/for-sale/land/residential-land/lagos/ikoyi/banana-island/3663467-verified-3403sqm-waterfront-plot
new_listing,Old Ikoyi,4,1–21 of 570 properties for sale Sort: Default Default Most recent Highest price Lowest price Verification status Premium Plus Top promoted listing 7 photos,,700000000,,https://nigeriapropertycentre.com/for-sale/flats-apartments/lagos/ikoyi/old-ikoyi/3676349-super-luxury-4-beds-maisonette-with-bq
new_listing,Old Ikoyi,3,"Premium 18 $1,100,000 Flat / apartment for sale Luxury 3-Bedroom Apartment + Gym, Elevator, Concierge, Pool 3-Bedroom Apartment - Old Ikoyi - From $1.1M For Investment: Luxury 3-be",,,,https://nigeriapropertycentre.com/for-sale/flats-apartments/lagos/ikoyi/old-ikoyi/3675803-luxury-3-bedroom-apartment-gym-elevator-concierge-pool
new_listing,Old Ikoyi,4,1–21 of 570 properties for sale Sort: Default Default Most recent Highest price Lowest price Verification status Premium Plus Top promoted listing 7 photos,,700000000,,https://nigeriapropertycentre.com/for-sale/flats-apartments/lagos/ikoyi/old-ikoyi/3672305-5-bedroom-apartment-bq
new_listing,Old Ikoyi,3,Premium 10,,1000000000,,https://nigeriapropertycentre.com/for-sale/flats-apartments/lagos/ikoyi/old-ikoyi/3674952-luxury-3-bedroom-flat
new_listing,Old Ikoyi,4,1–21 of 570 properties for sale Sort: Default Default Most recent Highest price Lowest price Verification status Premium Plus Top promoted listing 7 photos,,700000000,,https://nigeriapropertycentre.com/for-sale/flats-apartments/lagos/ikoyi/old-ikoyi/3674884-3-bedroom-apartment-with-bq
new_listing,Old Ikoyi,4,1–21 of 570 properties for sale Sort: Default Default Most recent Highest price Lowest price Verification status Premium Plus Top promoted listing 7 photos,,700000000,,https://nigeriapropertycentre.com/for-sale/flats-apartments/lagos/ikoyi/old-ikoyi/3674393-3-bedroom-luxury-apartment
new_listing,Old Ikoyi,4,1–21 of 570 properties for sale Sort: Default Default Most recent Highest price Lowest price Verification status Premium Plus Top promoted listing 7 photos,,700000000,,https://nigeriapropertycentre.com/for-sale/flats-apartments/lagos/ikoyi/old-ikoyi/3674307-5-bedroom-maisonette-penthouse
new_listing,Old Ikoyi,4,1–21 of 570 properties for sale Sort: Default Default Most recent Highest price Lowest price Verification status Premium Plus Top promoted listing 7 photos,,700000000,,https://nigeriapropertycentre.com/for-sale/flats-apartments/lagos/ikoyi/old-ikoyi/2709628-offplan-iconic-apartments
new_listing,Old Ikoyi,4,1–21 of 570 properties for sale Sort: Default Default Most recent Highest price Lowest price Verification status Premium Plus Top promoted listing 7 photos,,700000000,,https://nigeriapropertycentre.com/for-sale/flats-apartments/lagos/ikoyi/old-ikoyi/3569161-luxury-3-bedroom-apartment-with-a-bq
new_listing,Old Ikoyi,4,1–21 of 570 properties for sale Sort: Default Default Most recent Highest price Lowest price Verification status Premium Plus Top promoted listing 7 photos,,700000000,,https://nigeriapropertycentre.com/for-sale/flats-apartments/lagos/ikoyi/old-ikoyi/3660856-luxury-5-bedroom-penthouse-with-2-ensuite-boys-quarters
new_listing,Old Ikoyi,4,"rtment for rent Available Oct- Premium & Furnished 4 Bedroom Apartment, Pool and Gym Direct clients preferable Premium furnished 4 apartment, swimming pool, gym, in old Ikoyi Rent:",,40000000,,https://nigeriapropertycentre.com/for-rent/flats-apartments/lagos/ikoyi/old-ikoyi/3676493-available-oct-premium-furnished-4-bedroom-apartment-pool-and-gym
new_listing,Old Ikoyi,3,Premium 21,,35000000,,https://nigeriapropertycentre.com/for-rent/flats-apartments/lagos/ikoyi/old-ikoyi/3675708-3-bedroom-apartment-with-boys-quarters
new_listing,Old Ikoyi,3,"Premium 9 ₦700,000,000 /yr Flat / apartment for rent Luxury Furnished 3 Bedroom Apartment with BQ For sale 2 Units of luxury furnished 3 bedroom flatbwith bq, fitted kitchen, ensui",,700000000,,https://nigeriapropertycentre.com/for-rent/flats-apartments/lagos/ikoyi/old-ikoyi/3675430-luxury-furnished-3-bedroom-apartment-with-bq
new_listing,Old Ikoyi,4,"Premium $100,000 /yr Flat / apartment for rent Newly Built 4 Bedroom Pent House with Servant Quarters Newly built and tastefully 4 bedroom pent house with servant quarters in the h",,,,https://nigeriapropertycentre.com/for-rent/flats-apartments/lagos/ikoyi/old-ikoyi/3675411-newly-built-4-bedroom-pent-house-with-servant-quarters
new_listing,Old Ikoyi,3,Premium 10 Video,,30000000,,https://nigeriapropertycentre.com/for-rent/flats-apartments/lagos/ikoyi/old-ikoyi/3675239-3-bedroom-furnished-apartment-with-bq-pool-gym
new_listing,Old Ikoyi,,"Premium 1 ₦5,000,000 per sq.m Residential land for sale Residential Land Land for sale. Old ikoyi 550sqm with lagos c of o Location: Cameron close.old ikoyi. Note: only a single dw",,5000000,,https://nigeriapropertycentre.com/for-sale/land/residential-land/lagos/ikoyi/old-ikoyi/3675323-residential-land
new_listing,Old Ikoyi,,"Premium 1 ₦5,000,000 per sq.m Residential land for sale Residential Land with Water View 3771 sqm water view property Queens drive . Old ikoyi Federal c of o Queens Drive, Old Ikoy",,5000000,,https://nigeriapropertycentre.com/for-sale/land/residential-land/lagos/ikoyi/old-ikoyi/3675302-residential-land-with-water-view
new_listing,Old Ikoyi,4,1–20 of 76 properties for sale Sort: Default Default Most recent Highest price Lowest price Verification status Premium 1,,5000000,,https://nigeriapropertycentre.com/for-sale/land/residential-land/lagos/ikoyi/old-ikoyi/3671293-residential-land
price_change,Old Ikoyi,4,1–20 of 76 properties for sale Sort: Default Default Most recent Highest price Lowest price Verification status Premium 1,4400000,5000000,13.6,https://nigeriapropertycentre.com/for-sale/land/residential-land/lagos/ikoyi/old-ikoyi/3585579-fenced-dry-land-measuring-1400-sqm
new_listing,Old Ikoyi,4,1–20 of 76 properties for sale Sort: Default Default Most recent Highest price Lowest price Verification status Premium 1,,5000000,,https://nigeriapropertycentre.com/for-sale/land/residential-land/lagos/ikoyi/old-ikoyi/3666736-residential-land-with-structure-on-it
new_listing,Old Ikoyi,4,1–20 of 76 properties for sale Sort: Default Default Most recent Highest price Lowest price Verification status Premium 1,,5000000,,https://nigeriapropertycentre.com/for-sale/land/residential-land/lagos/ikoyi/old-ikoyi/3666482-land-with-c-of-o
price_change,Old Ikoyi,4,1–20 of 76 properties for sale Sort: Default Default Most recent Highest price Lowest price Verification status Premium 1,4400000,5000000,13.6,https://nigeriapropertycentre.com/for-sale/land/residential-land/lagos/ikoyi/old-ikoyi/3662517-residential-land
new_listing,Old Ikoyi,4,1–20 of 76 properties for sale Sort: Default Default Most recent Highest price Lowest price Verification status Premium 1,,5000000,,https://nigeriapropertycentre.com/for-sale/land/residential-land/lagos/ikoyi/old-ikoyi/3647274-prime-4-300sqm-residential-development-land
price_change,Old Ikoyi,4,1–20 of 76 properties for sale Sort: Default Default Most recent Highest price Lowest price Verification status Premium 1,4400000,5000000,13.6,https://nigeriapropertycentre.com/for-sale/land/residential-land/lagos/ikoyi/old-ikoyi/3644964-prime-land
price_change,Old Ikoyi,4,1–20 of 76 properties for sale Sort: Default Default Most recent Highest price Lowest price Verification status Premium 1,4400000,5000000,13.6,https://nigeriapropertycentre.com/for-sale/land/residential-land/lagos/ikoyi/old-ikoyi/3631792-residential-land
price_change,Old Ikoyi,4,1–20 of 76 properties for sale Sort: Default Default Most recent Highest price Lowest price Verification status Premium 1,4400000,5000000,13.6,https://nigeriapropertycentre.com/for-sale/land/residential-land/lagos/ikoyi/old-ikoyi/3612214-residential-land
price_change,Old Ikoyi,4,1–20 of 76 properties for sale Sort: Default Default Most recent Highest price Lowest price Verification status Premium 1,4400000,5000000,13.6,https://nigeriapropertycentre.com/for-sale/land/residential-land/lagos/ikoyi/old-ikoyi/3333153-1200sqm-land
new_listing,Lekki Phase 1,2,Premium 16,,200000000,,https://nigeriapropertycentre.com/for-sale/flats-apartments/lagos/lekki/lekki-phase-1/3676318-2-bedroom-apartment
new_listing,Lekki Phase 1,2,Premium 10,,450000000,,https://nigeriapropertycentre.com/for-sale/flats-apartments/lagos/lekki/lekki-phase-1/3676325-2-bedroom-maisonette-with-swimming-pool
new_listing,Lekki Phase 1,3,Premium 15,,450000000,,https://nigeriapropertycentre.com/for-sale/flats-apartments/lagos/lekki/lekki-phase-1/3676259-3-bedroom-apartment-with-bq
new_listing,Lekki Phase 1,2,Premium 17,,300000000,,https://nigeriapropertycentre.com/for-sale/flats-apartments/lagos/lekki/lekki-phase-1/3676256-2-bedroom-apartment
new_listing,Lekki Phase 1,1,"Premium 4 ₦170,000,000 Mini flat (room and parlour) for sale 1 Bedroom Penthouse For sale 1 bedroom penthouse Price:170m Vid available on request Off Freedom Way Lekki Phase 1, Lek",,170000000,,https://nigeriapropertycentre.com/for-sale/flats-apartments/mini-flats/lagos/lekki/lekki-phase-1/3674993-1-bedroom-penthouse
new_listing,Lekki Phase 1,2,Premium 10,,270000000,,https://nigeriapropertycentre.com/for-sale/flats-apartments/lagos/lekki/lekki-phase-1/3676121-2-bedroom-apartment
new_listing,Lekki Phase 1,2,Premium 15,,250000000,,https://nigeriapropertycentre.com/for-sale/flats-apartments/lagos/lekki/lekki-phase-1/3675168-2-bedrooms-apartment
new_listing,Lekki Phase 1,3,ith quality furnishings Waterfront view Swimming pool Fully equipped gym Private jetty access High-speed elevators Located in a secure and serene estate Rental Details Annual Rent:,,35000000,,https://nigeriapropertycentre.com/for-rent/flats-apartments/lagos/lekki/lekki-phase-1/3618330-3-bedroom-apartment
new_listing,Lekki Phase 1,3,"Premium 5 ₦23,000,000 /yr Flat / apartment for rent 3 Bedroom with BQ 3 bedroom with BQ Rent: 23m Service: 2.3m Agency, Legal and Caution: 10% each Off Durosinmi Etti Street, Lekki",,23000000,,https://nigeriapropertycentre.com/for-rent/flats-apartments/lagos/lekki/lekki-phase-1/3676409-3-bedroom-with-bq
new_listing,Lekki Phase 1,1,"Premium 7 ₦10,000,000 /yr Flat / apartment for rent 1 Bedroom Furnished Apartment Lovely furnished 1 bedroom apartment in Lekki phase 1. Rent: 10m Service charge 1.5m Agency legal ",,10000000,,https://nigeriapropertycentre.com/for-rent/flats-apartments/lagos/lekki/lekki-phase-1/3676361-1-bedroom-furnished-apartment
new_listing,Lekki Phase 1,2,Premium 11,,30000000,,https://nigeriapropertycentre.com/for-rent/flats-apartments/lagos/lekki/lekki-phase-1/3676333-furnished-2-bedroom-apartment-with-swimming-pool
new_listing,Lekki Phase 1,3,Premium 10,,15000000,,https://nigeriapropertycentre.com/for-rent/flats-apartments/lagos/lekki/lekki-phase-1/3676291-3-bedroom-apartment-with-bq
new_listing,Lekki Phase 1,3,"1–21 of 3,468 properties for rent Sort: Default Default Most recent Highest price Lowest price Verification status Premium Plus Top promoted listing 22 photos",,20000000,,https://nigeriapropertycentre.com/for-rent/flats-apartments/self-contained/lagos/lekki/lekki-phase-1/3659840-big-self-contain
new_listing,Lekki Phase 1,2,Premium 24,,18000000,,https://nigeriapropertycentre.com/for-rent/flats-apartments/lagos/lekki/lekki-phase-1/3676134-2-bedroom-massionate
new_listing,Lekki Phase 1,2,Premium 13,,15000000,,https://nigeriapropertycentre.com/for-rent/flats-apartments/lagos/lekki/lekki-phase-1/3674950-2-bedrooms-apartment-and-bq
new_listing,Lekki Phase 1,2,Premium 18,,8000000,,https://nigeriapropertycentre.com/for-rent/flats-apartments/lagos/lekki/lekki-phase-1/3676064-spacious-2-bedroom-flat-only-2-units-in-compound-upstairs
new_listing,Lekki Phase 1,2,Premium 25,,10000000,,https://nigeriapropertycentre.com/for-rent/flats-apartments/lagos/lekki/lekki-phase-1/3676050-spacious-2-bedroom-flat-with-6-car-parking-residential-or-commercial
new_listing,Lekki Phase 1,,1–21 of 299 properties for sale Sort: Default Default Most recent Highest price Lowest price Verification status Premium Plus Top promoted listing 24 photos,,1650000,,https://nigeriapropertycentre.com/for-sale/land/residential-land/lagos/lekki/lekki-phase-1/3476015-waterfront-land
new_listing,Lekki Phase 1,,"Premium 1 ₦2,200,000,000 Residential land for sale Prime 1335 SQM Plot nice Serena area by Noah's court tesmont close , very secured residential location, plot suitable for luxury ",,2200000000,,https://nigeriapropertycentre.com/for-sale/land/residential-land/lagos/lekki/lekki-phase-1/3674271-prime-1335-sqm-plot
new_listing,Lekki Phase 1,,1–21 of 299 properties for sale Sort: Default Default Most recent Highest price Lowest price Verification status Premium Plus Top promoted listing 24 photos,,1650000,,https://nigeriapropertycentre.com/for-sale/land/residential-land/lagos/lekki/lekki-phase-1/3672189-exclusive-265-acres-of-residential-land
new_listing,Lekki Phase 1,,1–21 of 299 properties for sale Sort: Default Default Most recent Highest price Lowest price Verification status Premium Plus Top promoted listing 24 photos,,1650000,,https://nigeriapropertycentre.com/for-sale/land/residential-land/lagos/lekki/lekki-phase-1/3667959-866-sqm-of-residential-land-with-structure
price_change,Lekki Phase 1,,1–21 of 299 properties for sale Sort: Default Default Most recent Highest price Lowest price Verification status Premium Plus Top promoted listing 24 photos,450000000,1650000,-99.6,https://nigeriapropertycentre.com/for-sale/land/residential-land/lagos/lekki/lekki-phase-1/3627974-1900sqm-fenced-sandfilled-land-with-governors-consent
new_listing,Lekki Phase 1,,1–21 of 299 properties for sale Sort: Default Default Most recent Highest price Lowest price Verification status Premium Plus Top promoted listing 24 photos,,1650000,,https://nigeriapropertycentre.com/for-sale/land/residential-land/lagos/lekki/lekki-phase-1/2996387-empty-land-size-2000-square-meter
new_listing,Lekki Phase 1,,1–21 of 299 properties for sale Sort: Default Default Most recent Highest price Lowest price Verification status Premium Plus Top promoted listing 24 photos,,1650000,,https://nigeriapropertycentre.com/for-sale/land/residential-land/lagos/lekki/lekki-phase-1/3612103-830-sqm-land-with-demolishable-structure
new_listing,Lekki Phase 1,,1–21 of 299 properties for sale Sort: Default Default Most recent Highest price Lowest price Verification status Premium Plus Top promoted listing 24 photos,,1650000,,https://nigeriapropertycentre.com/for-sale/land/residential-land/lagos/lekki/lekki-phase-1/2815360-original-allotted-1370-sqm-plot
new_listing,Lekki Phase 1,,1–21 of 299 properties for sale Sort: Default Default Most recent Highest price Lowest price Verification status Premium Plus Top promoted listing 24 photos,,1650000,,https://nigeriapropertycentre.com/for-sale/land/residential-land/lagos/lekki/lekki-phase-1/3514433-1300-sqm-land
new_listing,Lekki Phase 1,,1–21 of 299 properties for sale Sort: Default Default Most recent Highest price Lowest price Verification status Premium Plus Top promoted listing 24 photos,,1650000,,https://nigeriapropertycentre.com/for-sale/land/residential-land/lagos/lekki/lekki-phase-1/3514434-851-sqm-land-with-structure
new_listing,Lekki Phase 1,,1–21 of 299 properties for sale Sort: Default Default Most recent Highest price Lowest price Verification status Premium Plus Top promoted listing 24 photos,,1650000,,https://nigeriapropertycentre.com/for-sale/land/residential-land/lagos/lekki/lekki-phase-1/3670882-1000-sqm-residential-land
price_change,Lekki Phase 1,,1–21 of 299 properties for sale Sort: Default Default Most recent Highest price Lowest price Verification status Premium Plus Top promoted listing 24 photos,450000000,1650000,-99.6,https://nigeriapropertycentre.com/for-sale/land/residential-land/lagos/lekki/lekki-phase-1/2953424-residential-corner-piece-land-measuring-1-000sqm
new_listing,Eko Atlantic,5,"Premium 12 $2,800,000 Flat / apartment for sale Exquisite 5 Bedroom Penthouse Suite Eden Heights, a 15-floor residential development on Elsie Femi Pearse Street in Victoria Island,",,,,https://nigeriapropertycentre.com/for-sale/flats-apartments/lagos/victoria-island/3674521-exquisite-5-bedroom-penthouse-suite
new_listing,Eko Atlantic,4,Premium 11 Video,,900000000,,https://nigeriapropertycentre.com/for-sale/flats-apartments/lagos/victoria-island/3676279-luxurious-high-rise-4-bedroom-apartment-and-service-quaters
new_listing,Eko Atlantic,3,"Premium 9 ₦700,000,000 Flat / apartment for sale 3 Bedroom Apartment Experience contemporary city living in this stunning 3-bedroom apartment situated in the prestigious and highly",,700000000,,https://nigeriapropertycentre.com/for-sale/flats-apartments/lagos/victoria-island/3676229-3-bedroom-apartment
new_listing,Eko Atlantic,2,Premium 18,,350000000,,https://nigeriapropertycentre.com/for-sale/flats-apartments/lagos/victoria-island/oniru/3676018-cozy-2-bedroom-apartment
new_listing,Eko Atlantic,3,Premium 13,,620000000,,https://nigeriapropertycentre.com/for-sale/flats-apartments/lagos/victoria-island/3675248-3-bedroom-flat-with-bq
new_listing,Eko Atlantic,5,"1–21 of 1,570 properties for sale Sort: Default Default Most recent Highest price Lowest price Verification status Premium Plus Top promoted listing 13 photos",,520000000,,https://nigeriapropertycentre.com/for-sale/flats-apartments/lagos/victoria-island/3648647-4-bedroom-apartment-with-bq
new_listing,Eko Atlantic,3,"Premium 6 ₦15,000,000 /yr Flat / apartment for rent Massive 3 Bedroom Apartment Semi Direct brief. Massive 3 bedroom Apartment Location: Oniru Rent - 15m Sc - 3m Agency - 10% Legal",,15000000,,https://nigeriapropertycentre.com/for-rent/flats-apartments/lagos/victoria-island/oniru/3676375-massive-3-bedroom-apartment
new_listing,Eko Atlantic,1,Premium 19,,9000000,,https://nigeriapropertycentre.com/for-rent/flats-apartments/mini-flats/lagos/victoria-island/oniru/3676308-luxury-1-bedroom-mini-flat-with-visitors-toilet
new_listing,Eko Atlantic,2,Premium 17,,10000000,,https://nigeriapropertycentre.com/for-rent/flats-apartments/lagos/victoria-island/3676176-2-bedroom-duplex
new_listing,Eko Atlantic,3,"1–21 of 2,211 properties for rent Sort: Default Default Most recent Highest price Lowest price Verification status Premium Plus Top promoted listing 13 photos Video",,60000000,,https://nigeriapropertycentre.com/for-rent/flats-apartments/self-contained/lagos/victoria-island/3618188-fully-serviced-studio-apartment
new_listing,Eko Atlantic,2,Premium 11,,25000000,,https://nigeriapropertycentre.com/for-rent/flats-apartments/lagos/victoria-island/oniru/3675959-a-fully-serviced-2-bedroom-apartment-with-a-room-bq
new_listing,Eko Atlantic,3,Premium 13,,20000000,,https://nigeriapropertycentre.com/for-rent/flats-apartments/lagos/victoria-island/oniru/3675954-3-bedroom-flat-with-bq
new_listing,Eko Atlantic,3,"1–21 of 2,211 properties for rent Sort: Default Default Most recent Highest price Lowest price Verification status Premium Plus Top promoted listing 13 photos Video",,60000000,,https://nigeriapropertycentre.com/for-rent/flats-apartments/mini-flats/lagos/victoria-island/oniru/3585912-mini-flat
new_listing,Eko Atlantic,,"Premium ₦3,100,000,000 Residential land for sale Land For sale on Akin olugbade Street Victoria Island Size: 1058m2 Price 3.1b Title C of O Akin Olugbade Street, Victoria Island (V",,3100000000,,https://nigeriapropertycentre.com/for-sale/land/residential-land/lagos/victoria-island/3675698-land
new_listing,Eko Atlantic,4,1–20 of 82 properties for sale Sort: Default Default Most recent Highest price Lowest price Verification status Premium,,3100000000,,https://nigeriapropertycentre.com/for-sale/land/residential-land/lagos/victoria-island/3675598-residential-land-corner-piece
new_listing,Eko Atlantic,4,1–20 of 82 properties for sale Sort: Default Default Most recent Highest price Lowest price Verification status Premium,,3100000000,,https://nigeriapropertycentre.com/for-sale/land/residential-land/lagos/victoria-island/3659912-waterfront-residential-land
new_listing,Eko Atlantic,,"Premium 1 $1,600 per sq.m Residential land for sale 2,300 SQM Land Location: Eko Atlantic City, Victoria Island, Lagos Property Type: Development Land Land Size: 2,300 SQM Price: U",,,,https://nigeriapropertycentre.com/for-sale/land/residential-land/lagos/victoria-island/3675051-2300-sqm-land
new_listing,Eko Atlantic,4,1–20 of 82 properties for sale Sort: Default Default Most recent Highest price Lowest price Verification status Premium,,3100000000,,https://nigeriapropertycentre.com/for-sale/land/residential-land/lagos/victoria-island/3673667-residential-land
new_listing,Eko Atlantic,4,1–20 of 82 properties for sale Sort: Default Default Most recent Highest price Lowest price Verification status Premium,,3100000000,,https://nigeriapropertycentre.com/for-sale/land/residential-land/lagos/victoria-island/3672989-land-in-victoria-island
new_listing,Eko Atlantic,4,1–20 of 82 properties for sale Sort: Default Default Most recent Highest price Lowest price Verification status Premium,,3100000000,,https://nigeriapropertycentre.com/for-sale/land/residential-land/lagos/victoria-island/3665805-4000-sqm-land
new_listing,Eko Atlantic,4,1–20 of 82 properties for sale Sort: Default Default Most recent Highest price Lowest price Verification status Premium,,3100000000,,https://nigeriapropertycentre.com/for-sale/land/residential-land/lagos/victoria-island/3660716-residential-land
new_listing,Eko Atlantic,4,1–20 of 82 properties for sale Sort: Default Default Most recent Highest price Lowest price Verification status Premium,,3100000000,,https://nigeriapropertycentre.com/for-sale/land/residential-land/lagos/victoria-island/oniru/3659834-residential-land-with-water-iew
new_listing,Eko Atlantic,4,1–20 of 82 properties for sale Sort: Default Default Most recent Highest price Lowest price Verification status Premium,,3100000000,,https://nigeriapropertycentre.com/for-sale/land/residential-land/lagos/victoria-island/oniru/3643145-residential-land-1-300sqm-with-demolishable-structure
new_listing,Eko Atlantic,4,1–20 of 82 properties for sale Sort: Default Default Most recent Highest price Lowest price Verification status Premium,,3100000000,,https://nigeriapropertycentre.com/for-sale/land/residential-land/lagos/victoria-island/3654480-residential-land
new_listing,Eko Atlantic,4,1–20 of 82 properties for sale Sort: Default Default Most recent Highest price Lowest price Verification status Premium,,3100000000,,https://nigeriapropertycentre.com/for-sale/land/residential-land/lagos/victoria-island/3558630-prime-land-and-detached-house
new_listing,Ikeja GRA,2,"Premium 1 ₦52,000,000 Flat / apartment for sale Premium 2-Bedroom Apartment Beautifully Finished 2 Bedroom Apartment ---",,52000000,,https://nigeriapropertycentre.com/for-sale/flats-apartments/lagos/ikeja/alausa/3676387-premium-2-bedroom-apartment-beautifully-finished
new_listing,Ikeja GRA,1,Premium 14,,65000000,,https://nigeriapropertycentre.com/for-sale/flats-apartments/mini-flats/lagos/ikeja/ogba/3676173-lovely-built-1-bedroom-apartment-in-serene-environment
new_listing,Ikeja GRA,3,"Premium 7 ₦450,000,000 Flat / apartment for sale 3 Bedrooms Apartment All rooms ensuite 3bedrooms terrace with 1 room bq @ gra Ikeja. Title: C of O. Price: 450m Asking GRA Ikeja, I",,450000000,,https://nigeriapropertycentre.com/for-sale/flats-apartments/lagos/ikeja/gra/3676037-3-bedrooms-apartment
new_listing,Ikeja GRA,2,Premium 11,,150000000,,https://nigeriapropertycentre.com/for-sale/flats-apartments/lagos/ikeja/ogba/3675955-newly-built-2-bedroom-luxury-apartment
new_listing,Ikeja GRA,3,e - Beautiful woodworks - Great ambiance - Fully Fitted kitchen - Beautiful chandeliers - Clean water - Balcony - Water Heaters - Pop Ceiling Title: Certificate of occupancy Price:,,200000000,,https://nigeriapropertycentre.com/for-sale/flats-apartments/lagos/ikeja/opebi/3675887-nicely-built-3-bedroom-apartment-with-certificate-of-occupancy
new_listing,Ikeja GRA,4,Premium 12,,500000000,,https://nigeriapropertycentre.com/for-sale/flats-apartments/lagos/ikeja/gra/3675849-4-bedrooms-apartment
new_listing,Ikeja GRA,2,"Premium 7 ₦175,000,000 Flat / apartment for sale Modern 2 Bedroom Apartment Premium 2 Bedroom Apartment in Ikeja, only 10 minutes from the International Airport Road, Location - Ik",,175000000,,https://nigeriapropertycentre.com/for-sale/flats-apartments/lagos/ikeja/3675608-modern-2-bedroom-apartment
new_listing,Ikeja GRA,2,Premium 17,,85000000,,https://nigeriapropertycentre.com/for-sale/flats-apartments/lagos/ikeja/ogba/3675574-exquisite-2-bedroom-apartment-in-serene-environment
new_listing,Ikeja GRA,3,Premium 18,,200000000,,https://nigeriapropertycentre.com/for-sale/flats-apartments/lagos/ikeja/opebi/3675491-3-bedroom-apartment
new_listing,Ikeja GRA,2,"emium luxury residence in the heart of Ikeja, one of Lagos' most prestigious and high-demand locations. Luxury 2-Bedroom Flat+ 1 Boys' Quarter Location: Opebi , Ikeja, Lagos Price:",,180000000,,https://nigeriapropertycentre.com/for-sale/flats-apartments/lagos/ikeja/opebi/3461703-classic-2-bedroom-flat-bq-in-lovely-location
new_listing,Ikeja GRA,2,"Premium 8 ₦85,000,000 Flat / apartment for sale 2 Bedroom Mini Flat Newly built 2-bedroom mini flat Location: Ogba, Lagos Price:",,85000000,,https://nigeriapropertycentre.com/for-sale/flats-apartments/lagos/ikeja/ogba/3675035-2-bedroom-mini-flat
new_listing,Ikeja GRA,2,"Marq Airport Road, Ikeja a fully furnished hospitality-inspired development positioned for comfortable living and strong short-let income. Available unit - 2-Bedroom Apartment ---",,180000000,,https://nigeriapropertycentre.com/for-sale/flats-apartments/lagos/ikeja/3674167-2-bedroom-furnished-apartment
new_listing,Ikeja GRA,,"Premium 1 ₦2,600,000 per sq.m Residential land for sale Prime Bare Land of Approximately 535SQM For sale a prime bare land of approximately 535sqm located in a secured and Serene C",,2600000,,https://nigeriapropertycentre.com/for-sale/land/residential-land/lagos/ikeja/gra/3676073-prime-bare-land-of-approximately-535sqm
new_listing,Ikeja GRA,,"Premium 1 ₦220,000,000 per plot Residential land for sale 669.516SQM Residential Land For sales Location Omole Residential Scheme Block A Plot 22. Land size 669.516 sqm Price",,220000000,,https://nigeriapropertycentre.com/for-sale/land/residential-land/lagos/ikeja/omole-phase-1/3675724-669516sqm-residential-land
new_listing,Ikeja GRA,,"Premium 1 ₦75,000,000 Residential land for sale Residential Land Half Plot For sale Location: At Adeniyi oke Street Akiode, Ikeja Lagos State. Land Size: ~30/120 (half plot of Land",,75000000,,https://nigeriapropertycentre.com/for-sale/land/residential-land/lagos/ikeja/3674457-residential-land-half-plot
new_listing,Ikeja GRA,5,1–21 of 281 properties for sale Sort: Default Default Most recent Highest price Lowest price Verification status Premium Plus Top promoted listing 1 photo,,15000000000,,https://nigeriapropertycentre.com/for-sale/land/residential-land/lagos/ikeja/ogba/3668272-residential-land-plot
new_listing,Ikeja GRA,5,1–21 of 281 properties for sale Sort: Default Default Most recent Highest price Lowest price Verification status Premium Plus Top promoted listing 1 photo,,15000000000,,https://nigeriapropertycentre.com/for-sale/land/residential-land/lagos/ikeja/ogba/3673331-residential-land
new_listing,Ikeja GRA,5,1–21 of 281 properties for sale Sort: Default Default Most recent Highest price Lowest price Verification status Premium Plus Top promoted listing 1 photo,,15000000000,,https://nigeriapropertycentre.com/for-sale/land/residential-land/lagos/ikeja/omole-phase-2/3671932-residential-land
new_listing,Ikeja GRA,5,1–21 of 281 properties for sale Sort: Default Default Most recent Highest price Lowest price Verification status Premium Plus Top promoted listing 1 photo,,15000000000,,https://nigeriapropertycentre.com/for-sale/land/residential-land/lagos/ikeja/agidingbi/3594341-400sqm-of-premium-residential-land-with-c-of-o
new_listing,Ikeja GRA,5,1–21 of 281 properties for sale Sort: Default Default Most recent Highest price Lowest price Verification status Premium Plus Top promoted listing 1 photo,,15000000000,,https://nigeriapropertycentre.com/for-sale/land/residential-land/lagos/ikeja/3615203-500-sqm-residential-land
new_listing,Ikeja GRA,5,1–21 of 281 properties for sale Sort: Default Default Most recent Highest price Lowest price Verification status Premium Plus Top promoted listing 1 photo,,15000000000,,https://nigeriapropertycentre.com/for-sale/land/residential-land/lagos/ikeja/gra/3642894-residential-land
new_listing,Ikeja GRA,5,1–21 of 281 properties for sale Sort: Default Default Most recent Highest price Lowest price Verification status Premium Plus Top promoted listing 1 photo,,15000000000,,https://nigeriapropertycentre.com/for-sale/land/residential-land/lagos/ikeja/opebi/3670384-residential-land-with-4-flats
new_listing,Ikeja GRA,5,1–21 of 281 properties for sale Sort: Default Default Most recent Highest price Lowest price Verification status Premium Plus Top promoted listing 1 photo,,15000000000,,https://nigeriapropertycentre.com/for-sale/land/residential-land/lagos/ikeja/omole-phase-1/3670256-residential-land-with-demolishable-bungalow
new_listing,Ikeja GRA,2,"Premium 3 ₦3,000,000 /yr Flat / apartment for rent Lovely 2 Bedroom Flat Ajayi Road, Ogba, Ikeja, Lagos Added today 2 beds 2 baths 3 toilets Owoyemi Olajide & Co",,3000000,,https://nigeriapropertycentre.com/for-rent/flats-apartments/lagos/ikeja/ogba/3676075-lovely-2-bedroom-flat
new_listing,Ikeja GRA,2,Premium 10,,4500000,,https://nigeriapropertycentre.com/for-rent/flats-apartments/lagos/ikeja/omole-phase-2/3675656-newly-built-luxury-2-bedroom-flat
new_listing,Ikeja GRA,2,Premium 10,,4500000,,https://nigeriapropertycentre.com/for-rent/flats-apartments/lagos/ikeja/omole-phase-2/3675639-a-newly-built-spacious-2-bedroom-flat
new_listing,Ikeja GRA,2,"Premium ₦4,500,000 /yr Flat / apartment for rent 2 Bedroom Flat Just out to let!!! Newly built 2 bedroom flat at Z A Williams kayfarm estate obawole. 4m down at 4.5m up. Call for i",,4500000,,https://nigeriapropertycentre.com/for-rent/flats-apartments/lagos/ikeja/ogba/3675157-2-bedroom-flat
new_listing,Ikeja GRA,1,"Premium 7 ₦1,600,000 /yr Mini flat (room and parlour) for rent Spacious Mini Flat with Extra Lobby Off Ajayi Road, Ogba, Ikeja, Lagos Added yesterday 1 bed Ojoor Properties and Glo",,1600000,,https://nigeriapropertycentre.com/for-rent/flats-apartments/mini-flats/lagos/ikeja/ogba/3674354-spacious-mini-flat-with-extra-lobby
new_listing,Ikeja GRA,3,edroom Flat 3-bedroom flat omole estate phase property details: - Type: 3-Bedroom Flat - Location: Omole Estate Phase 2 - Very Good Location - Client: Corporate Client Needed rent:,,8000000,,https://nigeriapropertycentre.com/for-rent/flats-apartments/lagos/ikeja/omole-phase-2/3673874-specious-3-bedroom-flat
new_listing,Ikeja GRA,3,1–20 of 541 properties for rent Sort: Default Default Most recent Highest price Lowest price Verification status Premium 12,,30000000,,https://nigeriapropertycentre.com/for-rent/flats-apartments/mini-flats/lagos/ikeja/ogba/3673183-newly-built-mini-flat
new_listing,Ikeja GRA,3,1–20 of 541 properties for rent Sort: Default Default Most recent Highest price Lowest price Verification status Premium 12,,30000000,,https://nigeriapropertycentre.com/for-rent/flats-apartments/mini-flats/lagos/ikeja/ogba/3449717-a-room-and-parlour-upstairs-with-2-toilets
new_listing,Ikeja GRA,3,1–20 of 541 properties for rent Sort: Default Default Most recent Highest price Lowest price Verification status Premium 12,,30000000,,https://nigeriapropertycentre.com/for-rent/flats-apartments/self-contained/lagos/ikeja/oregun/3672697-beautiful-fully-furnished-massive-room-self-contain-upstairs
new_listing,Asokoro,3,Premium 6 Video,,600000000,,https://nigeriapropertycentre.com/for-sale/flats-apartments/abuja/asokoro-district/3676351-3-bedroom-apartment-with-maid-room
new_listing,Asokoro,,"Premium 4 ₦60,000,000 Residential land for sale New Asokoro Opportunity 1,315SQM Plot 16756 New Asokoro opportunity 1,315sqm Plot 16756",,60000000,,https://nigeriapropertycentre.com/for-sale/land/residential-land/abuja/asokoro-district/3675444-new-asokoro-opportunity-1315sqm-plot-16756
new_listing,Asokoro,,"Premium 3 ₦198,750,000 per plot Residential land for sale Estate Land Behind Ait, Asokoro District, Abuja Added yesterday 5 Parking 250 sqm Xtric Global Limited",,198750000,,https://nigeriapropertycentre.com/for-sale/land/residential-land/abuja/asokoro-district/3674605-estate-land
new_listing,Asokoro,,"Premium 3 ₦35,000,000 per plot Residential land for sale Residential Land Crown hill city Asokoro, Abuja. 250 sqm goes for 35m, we also have 400sqm, 533sqm and 800sqm. Fcda C of O ",,35000000,,https://nigeriapropertycentre.com/for-sale/land/residential-land/abuja/asokoro-district/3674110-residential-land
new_listing,Asokoro,4,1–20 of 126 properties for sale Sort: Default Default Most recent Highest price Lowest price Verification status Premium 4,,60000000,,https://nigeriapropertycentre.com/for-sale/land/residential-land/abuja/asokoro-district/3669331-residential-land
new_listing,Asokoro,4,1–20 of 126 properties for sale Sort: Default Default Most recent Highest price Lowest price Verification status Premium 4,,60000000,,https://nigeriapropertycentre.com/for-sale/land/residential-land/abuja/asokoro-district/3669288-residential-land-in-asokoro
new_listing,Asokoro,4,1–20 of 126 properties for sale Sort: Default Default Most recent Highest price Lowest price Verification status Premium 4,,60000000,,https://nigeriapropertycentre.com/for-sale/land/residential-land/abuja/asokoro-district/3668241-residential-land-plot
new_listing,Asokoro,4,1–20 of 126 properties for sale Sort: Default Default Most recent Highest price Lowest price Verification status Premium 4,,60000000,,https://nigeriapropertycentre.com/for-sale/land/residential-land/abuja/asokoro-district/3588990-residential-estate-plot
new_listing,Asokoro,4,1–20 of 126 properties for sale Sort: Default Default Most recent Highest price Lowest price Verification status Premium 4,,60000000,,https://nigeriapropertycentre.com/for-sale/land/residential-land/abuja/asokoro-district/3602027-residential-land
new_listing,Asokoro,4,1–20 of 126 properties for sale Sort: Default Default Most recent Highest price Lowest price Verification status Premium 4,,60000000,,https://nigeriapropertycentre.com/for-sale/land/residential-land/abuja/asokoro-district/3574102-vacant-land-measuring-1-052sqm
price_change,Asokoro,4,1–20 of 126 properties for sale Sort: Default Default Most recent Highest price Lowest price Verification status Premium 4,277500000,60000000,-78.4,https://nigeriapropertycentre.com/for-sale/land/residential-land/abuja/asokoro-district/3647812-residential-land
price_change,Asokoro,4,1–20 of 126 properties for sale Sort: Default Default Most recent Highest price Lowest price Verification status Premium 4,277500000,60000000,-78.4,https://nigeriapropertycentre.com/for-sale/land/residential-land/abuja/asokoro-district/3641950-residential-land
new_listing,Asokoro,3,"ished Serviced Apartment Exclusive: 3 Bedroom fully furnished and serviced apartment Location: Asokoro district abuja. Rent: $40,000 per annum. (SLIGHTLY negotiable) service charge",,,,https://nigeriapropertycentre.com/for-rent/flats-apartments/abuja/asokoro-district/3675567-3-bedroom-furnished-serviced-apartment
new_listing,Asokoro,2,drooms Boys' Quarters (BQ) -- suitable for rental or staff accommodation Located in a serene and secure neighborhood Excellent road network and easy access to major landmarks Rent:,,15000000,,https://nigeriapropertycentre.com/for-rent/flats-apartments/abuja/asokoro-district/3596182-very-spacious-2-bedroom-apartment-bq
new_listing,Maitama,2,-Fully serviced 2-bedroom flat -24-hour power supply -Swimming pool -Fully equipped gym -Modern and well-maintained facilities -Secure and serene environment Rental Details: -Rent:,,15000000,,https://nigeriapropertycentre.com/for-rent/flats-apartments/abuja/maitama-district/3676060-nice-finished-serviced-2-bedroom-flat
new_listing,Maitama,3,Premium 10,,30000000,,https://nigeriapropertycentre.com/for-rent/flats-apartments/abuja/maitama-district/3675675-3-bedroom-serviced-apartment
new_listing,Maitama,2,Premium 11,,8000000,,https://nigeriapropertycentre.com/for-rent/flats-apartments/abuja/maitama-district/3675512-neatly-finished-2-bedroom-apartment-inside-a-secured-estate-with-ac
new_listing,Maitama,2,Premium 1 Video,,30000000,,https://nigeriapropertycentre.com/for-rent/flats-apartments/abuja/maitama-district/3674572-2-bedroom-furnished-flat
new_listing,Maitama,,"Premium ₦2,000,000,000 Residential land for sale Residential Land Maitama Main Land For Sale Residential Size: 1,053.98 on paper Title: Fcda C of O Price: 2 b net Inspection fee ap",,2000000000,,https://nigeriapropertycentre.com/for-sale/land/residential-land/abuja/maitama-district/3673787-residential-land
new_listing,Maitama,5,1–20 of 126 properties for sale Sort: Default Default Most recent Highest price Lowest price Verification status Premium 4,,20000000,,https://nigeriapropertycentre.com/for-sale/land/residential-land/abuja/maitama-district/3673562-distress-1400sqm-residential-land
new_listing,Maitama,5,1–20 of 126 properties for sale Sort: Default Default Most recent Highest price Lowest price Verification status Premium 4,,20000000,,https://nigeriapropertycentre.com/for-sale/land/residential-land/abuja/maitama-district/3672673-residential-plot-measuring-1053sqm
new_listing,Maitama,5,1–20 of 126 properties for sale Sort: Default Default Most recent Highest price Lowest price Verification status Premium 4,,20000000,,https://nigeriapropertycentre.com/for-sale/land/residential-land/abuja/maitama-district/3671034-residential-land-plot
new_listing,Maitama,5,1–20 of 126 properties for sale Sort: Default Default Most recent Highest price Lowest price Verification status Premium 4,,20000000,,https://nigeriapropertycentre.com/for-sale/land/residential-land/abuja/maitama-district/3671033-residential-land
new_listing,Maitama,5,1–20 of 126 properties for sale Sort: Default Default Most recent Highest price Lowest price Verification status Premium 4,,20000000,,https://nigeriapropertycentre.com/for-sale/land/residential-land/abuja/maitama-district/3668037-1000sqm-residential-land
new_listing,Maitama,5,1–20 of 126 properties for sale Sort: Default Default Most recent Highest price Lowest price Verification status Premium 4,,20000000,,https://nigeriapropertycentre.com/for-sale/land/residential-land/abuja/maitama-district/3667357-1053sqm-residential-land
new_listing,Maitama,5,1–20 of 126 properties for sale Sort: Default Default Most recent Highest price Lowest price Verification status Premium 4,,20000000,,https://nigeriapropertycentre.com/for-sale/land/residential-land/abuja/maitama-district/3667083-980sqm-of-a-residential-land
new_listing,Maitama,5,1–20 of 126 properties for sale Sort: Default Default Most recent Highest price Lowest price Verification status Premium 4,,20000000,,https://nigeriapropertycentre.com/for-sale/land/residential-land/abuja/maitama-district/3667079-800sqm-of-a-residential-land
price_change,Maitama,5,1–20 of 126 properties for sale Sort: Default Default Most recent Highest price Lowest price Verification status Premium 4,2000000000,20000000,-99.0,https://nigeriapropertycentre.com/for-sale/land/residential-land/abuja/maitama-district/3662742-residential-land-1100-sqm
price_change,Maitama,5,1–20 of 126 properties for sale Sort: Default Default Most recent Highest price Lowest price Verification status Premium 4,2500000000,20000000,-99.2,https://nigeriapropertycentre.com/for-sale/land/residential-land/abuja/maitama-district/3662740-residential-land
new_listing,Maitama,,"trajectory, offering a premium lifestyle designed for those who want to enjoy life to its fullest potential. Currently Selling Estate Land 450sqm (8 Bedroom Fully Detached Duplex):",,825000000,,https://nigeriapropertycentre.com/for-sale/land/residential-land/abuja/maitama-district/3660861-estate-plot-in-a-serene-environment
new_listing,Wuse,4,"Premium 2 ₦7,500,000 /yr Flat / apartment for rent 4 Bedroom Flat A Neatly meantain 4 bedroom flat in a block of flat (3 floor) Location: Wuse zones 6, Plot 45, Yaunda street. Rent",,7500000,,https://nigeriapropertycentre.com/for-rent/flats-apartments/abuja/wuse/3675217-4-bedroom-flat
new_listing,Wuse,,Premium 13,,1000000000,,https://nigeriapropertycentre.com/for-sale/land/residential-land/abuja/wuse/3675202-prime-multipurpose-land
new_listing,Wuse,3,1–13 of 13 properties for sale Sort: Default Default Most recent Highest price Lowest price Verification status Premium 13,,1000000000,,https://nigeriapropertycentre.com/for-sale/land/residential-land/abuja/wuse/zone-6/3642112-2000sqm-of-a-residential-land-with-old-building
new_listing,Wuse,3,1–13 of 13 properties for sale Sort: Default Default Most recent Highest price Lowest price Verification status Premium 13,,1000000000,,https://nigeriapropertycentre.com/for-sale/land/residential-land/abuja/wuse/zone-1/3615763-1600sqm-of-a-residential-land
new_listing,Wuse,3,1–13 of 13 properties for sale Sort: Default Default Most recent Highest price Lowest price Verification status Premium 13,,1000000000,,https://nigeriapropertycentre.com/for-sale/land/residential-land/abuja/wuse/3604838-a-must-buy-resort-estate-with-plots-of-land-at-18-months-payment
new_listing,Wuse,3,1–13 of 13 properties for sale Sort: Default Default Most recent Highest price Lowest price Verification status Premium 13,,1000000000,,https://nigeriapropertycentre.com/for-sale/land/residential-land/abuja/wuse/3642148-1-300-sqm-residential-land
new_listing,Wuse,3,1–13 of 13 properties for sale Sort: Default Default Most recent Highest price Lowest price Verification status Premium 13,,1000000000,,https://nigeriapropertycentre.com/for-sale/land/residential-land/abuja/wuse/3599069-hutu-exclusive-premium-land-with-fcda
new_listing,Wuse,3,1–13 of 13 properties for sale Sort: Default Default Most recent Highest price Lowest price Verification status Premium 13,,1000000000,,https://nigeriapropertycentre.com/for-sale/land/residential-land/abuja/wuse/3503168-buy-and-build-in-a-gated-estate-with-fcda
new_listing,Wuse,3,1–13 of 13 properties for sale Sort: Default Default Most recent Highest price Lowest price Verification status Premium 13,,1000000000,,https://nigeriapropertycentre.com/for-sale/land/residential-land/abuja/wuse/zone-3/3640335-700sqm-of-a-residential-land
new_listing,Wuse,3,1–13 of 13 properties for sale Sort: Default Default Most recent Highest price Lowest price Verification status Premium 13,,1000000000,,https://nigeriapropertycentre.com/for-sale/land/residential-land/abuja/wuse/zone-5/3518037-935sqm-of-a-residential-land
new_listing,Wuse,3,1–13 of 13 properties for sale Sort: Default Default Most recent Highest price Lowest price Verification status Premium 13,,1000000000,,https://nigeriapropertycentre.com/for-sale/land/residential-land/abuja/wuse/zone-5/3438554-3340sqm
new_listing,Wuse,3,1–13 of 13 properties for sale Sort: Default Default Most recent Highest price Lowest price Verification status Premium 13,,1000000000,,https://nigeriapropertycentre.com/for-sale/land/residential-land/abuja/wuse/zone-2/3086235-5000sqm-of-residential-land
new_listing,Wuse,3,1–13 of 13 properties for sale Sort: Default Default Most recent Highest price Lowest price Verification status Premium 13,,1000000000,,https://nigeriapropertycentre.com/for-sale/land/residential-land/abuja/wuse/3362443-residential-land-use
delisted,Banana Island,3,Exquisitely Detailed Standard 3bedroom Apartment Banana Island Ikoyi Lagos Exquisitely Detailed Standard 3bedroom Apartment / Flat Apartment FOR Sale,850000000,,,https://propertypro.ng/agent/wilson-samuel1
delisted,Old Ikoyi,4,Newly Built 4 Bedroom Semi Detached Duplex Ikota Lekki Lagos Newly Built 4 Bedroom Semi Detached Duplex / House FOR RENT,11000000,,,https://propertypro.ng/agent/anulika-favour
delisted,Old Ikoyi,3,"18 1 3 Bedroom Apartment Old Ikoyi Ikoyi Lagos 3 Bedroom Apartment / Flat Apartment FOR Sale $ 1,205,000,000 PID : 7QDRG 3 Beds 3 Baths Premium Dalmold homes Updated 06 Sep 2026, A",,,,https://propertypro.ng/agent/dalmold-limited
delisted,Old Ikoyi,3,"15 Units Of 3 Bedroom Flat 2nd Avenue Old Ikoyi Ikoyi Lagos 15 Units Of 3 Bedroom Flat / Flat Apartment FOR Sale $ 8,000,000 PID : 2PMKN 3 Beds 4 Baths Elevator Swimming Pool 24 Ho",,,,https://propertypro.ng/property/3-bedroom-flat-apartment-for-sale-2nd-avenue-old-ikoyi-ikoyi-lagos-2PMKN
delisted,Old Ikoyi,5,5bed Detached+bq.. Old Ikoyi Ikoyi Lagos 5bed Detached+bq.. / House FOR SALE,5000000000,,,https://propertypro.ng/agent/tofade-dolapo
delisted,Old Ikoyi,3,3bedroom Apartment With Bq In Old Ikoyi. Spacious Old Ikoyi Ikoyi Lagos 3bedroom Apartment With Bq In Old Ikoyi. Spacious / Flat Apartment FOR Rent,35000000,,,https://propertypro.ng/agent/jmo-global
delisted,Maitama,4,Newly Built 4 Bedroom Penthouse With Pool/cinema/bq Akobo Ibadan Oyo Newly Built 4 Bedroom Penthouse With Pool/cinema/bq / House FOR SALE,380000000,,,https://propertypro.ng/agent/ayomide-oseni
delisted,Victoria Island,1,Lovely & Spacious 1 Bedroom Mini Flat Apartment Adeola Odeku Victoria Island Lagos Lovely & Spacious 1 Bedroom Mini Flat Apartment / Flat Apartment FOR Rent,8000000,,,https://propertypro.ng/agent/ifenna-ilomuanya1
delisted,Lekki Phase 1,,Off Plan Two Bedroom Apartment Investment Ilasan Ikate Lekki Ikate Lekki Lagos Off Plan Two Bedroom Apartment Investment / Flat / Apartment FOR SALE,170000000,,,https://propertypro.ng/agent/linus-precious
delisted,Victoria Island,3,Well Maintained 3 Bedroom Apartment 1004 Victoria Island Lagos Well Maintained 3 Bedroom Apartment / Flat Apartment FOR Rent,15000000,,,https://propertypro.ng/agent/michael-emenanjor2
delisted,Victoria Island,,Modern Four Bedroom Duplex Off Joel Ogunnaike Ikeja Gra Ikeja Lagos Modern Four Bedroom Duplex / House FOR RENT,20000000,,,https://propertypro.ng/agent/ade-tola1
delisted,Victoria Island,,"1 1 1204sqm Of Land Eko Atlantic City Eko Atlantic City Victoria Island Lagos 1204sqm Of Land / Land FOR Sale $ 1,500/sqm PID : 9PGQG C Of O LEKKI XPRESS Updated 21 Aug 2026, Added",,,,https://propertypro.ng/agent/silora-plus-nigeria-limited
delisted,Victoria Island,,Fenced Dry Land Idowu Taylor Victoria Island Lagos Fenced Dry Land / Land FOR Sale,2300000,,,https://propertypro.ng/property/land-for-sale-idowu-taylor-victoria-island-lagos-8NVXH
delisted,Ikeja GRA,5,"5 Bedroom Apartment 4th Avenue, 3rd Close, Federal Housing Estate (malaysia Estate) Oshimili North Delta 5 Bedroom Apartment / House FOR SALE",500000000,,,https://propertypro.ng/agent/chrysla-development
delisted,Asokoro,2,2 Bedroom Furnished Shared Apartment Ikate Lekki Lagos 2 Bedroom Furnished Shared Apartment / Flat / Apartment FOR RENT,800000,,,https://propertypro.ng/agent/curtain-homes
delisted,Asokoro,,Land Asokoro Main Asokoro Abuja Land / Land FOR Sale,1500000000,,,https://propertypro.ng/agent/emmanuel-monu
delisted,Asokoro,5,Newly Built 5 Bedroom Duplex Enugu Enugu Newly Built 5 Bedroom Duplex / House FOR SALE,210000000,,,https://propertypro.ng/agent/uchay-properties
delisted,Asokoro,5,5 Bedroom Detached Duplex With Pool And Cinema Osapa London Lekki Lagos 5 Bedroom Detached Duplex With Pool And Cinema / House FOR SALE,1700000000,,,https://propertypro.ng/agent/nna-juliet
delisted,Asokoro,2,2 Bedroom Flat Asokoro Main Asokoro Abuja 2 Bedroom Flat / Flat Apartment FOR Rent,14000000,,,https://propertypro.ng/agent/first-capital-city-realtors2
delisted,Maitama,2,"Decent 2bedroom Flat ( Tarred Road ) 6th Avenue, Gwarinpa, Abuja Gwarinpa Abuja Decent 2bedroom Flat ( Tarred Road ) / Flat / Apartment FOR RENT",6000000,,,https://propertypro.ng/agent/value-property
delisted,Maitama,,Land Besides Turkish Embassy Maitama Abuja Land / Land FOR Sale,3000000000,,,https://propertypro.ng/property/land-for-sale-besides-turkish-embassy-maitama-abuja-4PWKC
delisted,Maitama,,Residential Plot Of Land 2432 Sqm Cofo Maitama Main Maitama Abuja Residential Plot Of Land 2432 Sqm Cofo / Land FOR Sale,2700000000,,,https://propertypro.ng/agent/citymate-integrated
delisted,Banana Island,3,". Curated Exclusively for the Wealthy. a 3-Bedroom Apartment with BQ, Banana Island, Ikoyi, Lagos Added today 3 beds 3 baths 4 toilets Marketbooy of Lagos Realty Limited Premium 21",720000000,,,https://nigeriapropertycentre.com/for-sale/flats-apartments/lagos/ikoyi/banana-island/3637472-25-units-of-luxury-apartments
delisted,Banana Island,3,". Curated Exclusively for the Wealthy. a 3-Bedroom Apartment with BQ, Banana Island, Ikoyi, Lagos Added today 3 beds 3 baths 4 toilets Marketbooy of Lagos Realty Limited Premium 21",720000000,,,https://nigeriapropertycentre.com/for-sale/flats-apartments/lagos/ikoyi/banana-island/3421281-views-of-lagos-lagoon-iconic-ikoyi-bridge
delisted,Banana Island,3,". Curated Exclusively for the Wealthy. a 3-Bedroom Apartment with BQ, Banana Island, Ikoyi, Lagos Added today 3 beds 3 baths 4 toilets Marketbooy of Lagos Realty Limited Premium 21",720000000,,,https://nigeriapropertycentre.com/for-sale/flats-apartments/lagos/ikoyi/banana-island/3538819-3-bedroom-apartment-with-a-maids-room-fully-serviced
delisted,Banana Island,3,". Curated Exclusively for the Wealthy. a 3-Bedroom Apartment with BQ, Banana Island, Ikoyi, Lagos Added today 3 beds 3 baths 4 toilets Marketbooy of Lagos Realty Limited Premium 21",720000000,,,https://nigeriapropertycentre.com/for-sale/flats-apartments/lagos/ikoyi/banana-island/3489529-3-bedroom-apartments-with-bq
delisted,Banana Island,3,". Curated Exclusively for the Wealthy. a 3-Bedroom Apartment with BQ, Banana Island, Ikoyi, Lagos Added today 3 beds 3 baths 4 toilets Marketbooy of Lagos Realty Limited Premium 21",720000000,,,https://nigeriapropertycentre.com/for-sale/flats-apartments/lagos/ikoyi/banana-island/3582793-5-bedroom-penthouse-with-3-bq
delisted,Banana Island,3,". Curated Exclusively for the Wealthy. a 3-Bedroom Apartment with BQ, Banana Island, Ikoyi, Lagos Added today 3 beds 3 baths 4 toilets Marketbooy of Lagos Realty Limited Premium 21",720000000,,,https://nigeriapropertycentre.com/for-sale/flats-apartments/lagos/ikoyi/banana-island/3538824-4-bedroom-apartment-with-a-maids-room-fully-serviced
delisted,Banana Island,2,"mola Osinuga International now to pay and move in immediately Waterfront property - furnished luxury 2 bedroom apartment, swimming pool, gym etc in banana island estate Ikoyi Rent:",35000000,,,https://nigeriapropertycentre.com/for-rent/flats-apartments/lagos/ikoyi/banana-island/3665569-waterfront-property-furnished-2-bedroom-apartment-pool-gym
delisted,Banana Island,4,"Premium 6 ₦50,000,000 /yr Flat / apartment for rent Lovely 4 Bedroom Apartment with Elevator, Pool 4 Bedroom apartments banana island, ikoyi Location: Banana Island, Ikoyi Rent:",50000000,,,https://nigeriapropertycentre.com/for-rent/flats-apartments/lagos/ikoyi/banana-island/3665034-lovely-4-bedroom-apartment-with-elevator-pool
delisted,Banana Island,3,"rtment for rent Premium 3 Bedroom Apartment, Pool, Gym, (No BQ) Direct clients preferable Premium 3 bedroom apartment (no bq), swimming pool, gym, etc in Banana Island Estate Ikoyi",35000000,,,https://nigeriapropertycentre.com/for-rent/flats-apartments/lagos/ikoyi/banana-island/3664630-premium-3-bedroom-apartment-pool-gym-no-bq
delisted,Banana Island,3,"/ apartment for rent 3 Bedroom Furnished Apartment Furnished 3 Bedroom Apartment in Banana Island, Ikoyi 2nd floor apartment All rooms ensuite Fittings, furnishings and decor Rent:",50000000,,,https://nigeriapropertycentre.com/for-rent/flats-apartments/lagos/ikoyi/banana-island/3664590-3-bedroom-furnished-apartment
delisted,Banana Island,1,Premium 10,20000000,,,https://nigeriapropertycentre.com/for-rent/flats-apartments/lagos/ikoyi/banana-island/3664068-1-bedroom-apartment-with-ac-gym-and-pool
delisted,Banana Island,2,"rtment with Pool and Gym Now renting Spacious 2 bedroom apartment with installed AC, GYM, pool in a prime location for rent Location: Ikoyi proper Price breakdown: Rent - Rent Fee:",25000000,,,https://nigeriapropertycentre.com/for-rent/flats-apartments/lagos/ikoyi/banana-island/3664039-2-bedroom-apartment-with-pool-and-gym
delisted,Banana Island,3,Premium 14,35000000,,,https://nigeriapropertycentre.com/for-rent/flats-apartments/lagos/ikoyi/banana-island/3664029-3-bedroom-apartment-with-bq
delisted,Banana Island,3,Premium 12,35000000,,,https://nigeriapropertycentre.com/for-rent/flats-apartments/lagos/ikoyi/banana-island/3663921-3-bedroom-furnished-basement-flat
delisted,Banana Island,4,Premium 10,110000000,,,https://nigeriapropertycentre.com/for-rent/flats-apartments/lagos/ikoyi/banana-island/3663460-4-bedroom-penthouse-apartment-with-boys-quarter
delisted,Banana Island,3,Premium 13,40000000,,,https://nigeriapropertycentre.com/for-rent/flats-apartments/lagos/ikoyi/banana-island/3663425-3-bedroom-furnished-flat
delisted,Banana Island,2,Premium 10,35000000,,,https://nigeriapropertycentre.com/for-rent/flats-apartments/lagos/ikoyi/banana-island/3663303-2-bedroom-furnished-apartment-with-seaview
delisted,Banana Island,,"30,000,000 Residential land for sale Verified 3403SQM Waterfront Plot (Dealing with Mandate) Prime waterfront land measuring 3,403 sqm. Location: Banana Island, Ikoyi, Lagos Price:",12930000000,,,https://nigeriapropertycentre.com/for-sale/land/residential-land/lagos/ikoyi/banana-island/3663467-verified-3403sqm-waterfront-plot-dealing-with-mandate
delisted,Banana Island,,"sale: Banana island & old ikoyi 1. Banana island, ikoyi Description: Vacant Plot of Land Size: 1,000 SQM Location: Off 3rd Avenue, Banana Island, Ikoyi Title: Federal C of O Price:",7140000000,,,https://nigeriapropertycentre.com/for-sale/land/residential-land/lagos/ikoyi/banana-island/3663291-residential-land-plot
delisted,Banana Island,,1–20 of 185 properties for sale Sort: Default Default Most recent Highest price Lowest price Verification status Premium 1,12930000000,,,https://nigeriapropertycentre.com/for-sale/land/residential-land/lagos/ikoyi/banana-island/3286530-lovely-located-waterfront-2275sqm-land-with-good-title
delisted,Banana Island,,"Premium 2 ₦4,500,000 per sq.m Residential land for sale 1998SQM Bare Land Mixed Use Area : Banana Island Land size: 1998m² Title: Fed. C of O Price:",4500000,,,https://nigeriapropertycentre.com/for-sale/land/residential-land/lagos/ikoyi/banana-island/3662646-1998sqm-bare-land
delisted,Banana Island,,1–20 of 185 properties for sale Sort: Default Default Most recent Highest price Lowest price Verification status Premium 1,12930000000,,,https://nigeriapropertycentre.com/for-sale/land/residential-land/lagos/ikoyi/banana-island/3504138-2-245sqm-waterfront-property
delisted,Banana Island,,1–20 of 185 properties for sale Sort: Default Default Most recent Highest price Lowest price Verification status Premium 1,12930000000,,,https://nigeriapropertycentre.com/for-sale/land/residential-land/lagos/ikoyi/banana-island/3658376-waterfront-land
delisted,Banana Island,,1–20 of 185 properties for sale Sort: Default Default Most recent Highest price Lowest price Verification status Premium 1,12930000000,,,https://nigeriapropertycentre.com/for-sale/land/residential-land/lagos/ikoyi/banana-island/3658373-waterfront-land
delisted,Banana Island,,1–20 of 185 properties for sale Sort: Default Default Most recent Highest price Lowest price Verification status Premium 1,12930000000,,,https://nigeriapropertycentre.com/for-sale/land/residential-land/lagos/ikoyi/banana-island/3658370-waterfront-land
delisted,Banana Island,,1–20 of 185 properties for sale Sort: Default Default Most recent Highest price Lowest price Verification status Premium 1,12930000000,,,https://nigeriapropertycentre.com/for-sale/land/residential-land/lagos/ikoyi/banana-island/3661934-prime-waterfront-residential-land
delisted,Banana Island,,1–20 of 185 properties for sale Sort: Default Default Most recent Highest price Lowest price Verification status Premium 1,12930000000,,,https://nigeriapropertycentre.com/for-sale/land/residential-land/lagos/ikoyi/banana-island/3455429-5-300-sqm-waterfront-land-with-structure-jetty
delisted,Banana Island,,1–20 of 185 properties for sale Sort: Default Default Most recent Highest price Lowest price Verification status Premium 1,12930000000,,,https://nigeriapropertycentre.com/for-sale/land/residential-land/lagos/ikoyi/banana-island/3287156-exquisite-residential-water-front-2300sqm-land
delisted,Banana Island,,1–20 of 185 properties for sale Sort: Default Default Most recent Highest price Lowest price Verification status Premium 1,12930000000,,,https://nigeriapropertycentre.com/for-sale/land/residential-land/lagos/ikoyi/banana-island/3644691-2245sqm-bare-land
delisted,Old Ikoyi,4,1–21 of 535 properties for sale Sort: Default Default Most recent Highest price Lowest price Verification status Premium Plus Top promoted listing 7 photos,700000000,,,https://nigeriapropertycentre.com/for-sale/flats-apartments/lagos/ikoyi/old-ikoyi/3665728-4-bedroom-maisonette-penthouse-with-bq
delisted,Old Ikoyi,4,1–21 of 535 properties for sale Sort: Default Default Most recent Highest price Lowest price Verification status Premium Plus Top promoted listing 7 photos,700000000,,,https://nigeriapropertycentre.com/for-sale/flats-apartments/lagos/ikoyi/old-ikoyi/3665601-5-bedroom-apartment-with-boys-quarters
delisted,Old Ikoyi,4,1–21 of 535 properties for sale Sort: Default Default Most recent Highest price Lowest price Verification status Premium Plus Top promoted listing 7 photos,700000000,,,https://nigeriapropertycentre.com/for-sale/flats-apartments/lagos/ikoyi/old-ikoyi/3664942-5-bedroom-apartment-with-boys-quarters
delisted,Old Ikoyi,4,1–21 of 535 properties for sale Sort: Default Default Most recent Highest price Lowest price Verification status Premium Plus Top promoted listing 7 photos,700000000,,,https://nigeriapropertycentre.com/for-sale/flats-apartments/lagos/ikoyi/old-ikoyi/3664931-exclusive-4-bedroom-luxury-maisonette-penthouse
delisted,Old Ikoyi,4,1–21 of 535 properties for sale Sort: Default Default Most recent Highest price Lowest price Verification status Premium Plus Top promoted listing 7 photos,700000000,,,https://nigeriapropertycentre.com/for-sale/flats-apartments/lagos/ikoyi/old-ikoyi/3664927-executive-3-bedroom-apartment-with-boys-quarters
delisted,Old Ikoyi,3,"e parking, providing a comfortable and premium lifestyle. The property comes with a Certificate of Occupancy (C of O), is ready for immediate delivery, and is currently selling for",1000000000,,,https://nigeriapropertycentre.com/for-sale/flats-apartments/lagos/ikoyi/old-ikoyi/3545116-high-end-3-bedroom-apartment-for-sale
delisted,Old Ikoyi,4,1–21 of 535 properties for sale Sort: Default Default Most recent Highest price Lowest price Verification status Premium Plus Top promoted listing 7 photos,700000000,,,https://nigeriapropertycentre.com/for-sale/flats-apartments/lagos/ikoyi/old-ikoyi/3664848-4-bedroom-apartment-penthouse-with-bq-gym-study-cinema-pool
delisted,Old Ikoyi,3,"Premium 6 ₦1,800,000,000 Flat / apartment for sale 3 Bedroom Maisonnete + BQ 3 Bedroom maisonnete + BQ available for sale Location: Old ikoyi Price: 1.8B naira Features - all rooms",1800000000,,,https://nigeriapropertycentre.com/for-sale/flats-apartments/lagos/ikoyi/old-ikoyi/3600696-3-bedroom-maisonnete-bq
delisted,Old Ikoyi,4,1–21 of 535 properties for sale Sort: Default Default Most recent Highest price Lowest price Verification status Premium Plus Top promoted listing 7 photos,700000000,,,https://nigeriapropertycentre.com/for-sale/flats-apartments/lagos/ikoyi/old-ikoyi/3663793-3-bedroom-apartment-with-boys-quarters
delisted,Old Ikoyi,4,1–21 of 535 properties for sale Sort: Default Default Most recent Highest price Lowest price Verification status Premium Plus Top promoted listing 7 photos,700000000,,,https://nigeriapropertycentre.com/for-sale/flats-apartments/lagos/ikoyi/old-ikoyi/3663789-5-bedroom-apartment-with-boys-quarters
delisted,Old Ikoyi,4,1–21 of 535 properties for sale Sort: Default Default Most recent Highest price Lowest price Verification status Premium Plus Top promoted listing 7 photos,700000000,,,https://nigeriapropertycentre.com/for-sale/flats-apartments/lagos/ikoyi/old-ikoyi/3663676-4-bedroom-maisonette-penthouse-with-bq
delisted,Old Ikoyi,3,"ing smart-home features, premium amenities and a secure residential environment. Location: Old Ikoyi, Lagos Rent: $54,000 per annum Size: 215 sqm Tentative Total Package: $67,500 +",7000000,,,https://nigeriapropertycentre.com/for-rent/flats-apartments/lagos/ikoyi/old-ikoyi/3665650-luxury-spacious-3-bedroom-apartment-bq-elevator-pool-playground
delisted,Old Ikoyi,3,"Premium 5 ₦35,000,000 /yr Flat / apartment for rent Luxury 3 Bedroom Apartments with BQ, Gym, Elevator, Swimming Pool 3-Bedroom Apartments with BQ - Old Ikoyi -",35000000,,,https://nigeriapropertycentre.com/for-rent/flats-apartments/lagos/ikoyi/old-ikoyi/3665605-luxury-3-bedroom-apartments-with-bq-gym-elevator-swimming-pool
delisted,Old Ikoyi,3,Premium 11,55000000,,,https://nigeriapropertycentre.com/for-rent/flats-apartments/lagos/ikoyi/old-ikoyi/3665521-family-friendly-luxury-3-bedroom-apartment-bq-tennis-pool-gym-etc
delisted,Old Ikoyi,5,"xpansive living spaces, smart-home features and premium residential amenities. Location: Old Ikoyi, Lagos Rent: $120,000 per annum Size: 295 sqm Tentative Total Package: $150,000 +",10000000,,,https://nigeriapropertycentre.com/for-rent/flats-apartments/lagos/ikoyi/old-ikoyi/3664869-5-bedroom-luxury-apartment-with-bq-elevator-pool
delisted,Old Ikoyi,2,Premium 19,30000000,,,https://nigeriapropertycentre.com/for-rent/flats-apartments/lagos/ikoyi/old-ikoyi/3664855-fully-serviced-2-bedroom-apartment-with-elevator
delisted,Old Ikoyi,3,"Premium 5 ₦35,000,000 /yr Flat / apartment for rent 3 Bedrooms Apartment with BQ, Elevator, Pool, Gym & Tennis Court 3-Bedroom Apartments with BQ - Old Ikoyi -",35000000,,,https://nigeriapropertycentre.com/for-rent/flats-apartments/lagos/ikoyi/old-ikoyi/3664827-3-bedrooms-apartment-with-bq-elevator-pool-gym-tennis-court
delisted,Old Ikoyi,3,enerators - Door Camera - Elegant Structure - Study Room - Exquisite Light Fixtures - Master Suite With Walk-in Closet - Fantastic Sanitary Wares etc.. Note: 6 Units in total Rent:,35000000,,,https://nigeriapropertycentre.com/for-rent/flats-apartments/lagos/ikoyi/old-ikoyi/3663755-3-bedroom-apartment
delisted,Old Ikoyi,3,Premium 18,240000000,,,https://nigeriapropertycentre.com/for-rent/flats-apartments/lagos/ikoyi/old-ikoyi/3663753-12-units-3-bedroom-apartment-with-en-suite
delisted,Old Ikoyi,3,"/yr Flat / apartment for rent Furnished 3 Bedroom Apartment, BQ, Pool, Gym Direct clients preferable Furnished Premium 3 bedroom apartment with bq, swimming pool, etc in Old Ikoyi",45000000,,,https://nigeriapropertycentre.com/for-rent/flats-apartments/lagos/ikoyi/old-ikoyi/3662617-furnished-3-bedroom-apartment-bq-pool-gym
delisted,Old Ikoyi,4,1–20 of 94 properties for sale Sort: Default Default Most recent Highest price Lowest price Verification status Premium,4400000,,,https://nigeriapropertycentre.com/for-sale/land/residential-land/lagos/ikoyi/old-ikoyi/3629063-950-sqm-land-available
delisted,Old Ikoyi,4,1–20 of 94 properties for sale Sort: Default Default Most recent Highest price Lowest price Verification status Premium,4400000,,,https://nigeriapropertycentre.com/for-sale/land/residential-land/lagos/ikoyi/old-ikoyi/3333157-2400-sqm-land
delisted,Old Ikoyi,4,1–20 of 94 properties for sale Sort: Default Default Most recent Highest price Lowest price Verification status Premium,4400000,,,https://nigeriapropertycentre.com/for-sale/land/residential-land/lagos/ikoyi/old-ikoyi/3603041-land-measuring-3-737sqm-with-re-usable-structure
delisted,Old Ikoyi,4,1–20 of 94 properties for sale Sort: Default Default Most recent Highest price Lowest price Verification status Premium,4400000,,,https://nigeriapropertycentre.com/for-sale/land/residential-land/lagos/ikoyi/old-ikoyi/3598257-residential-land
delisted,Old Ikoyi,4,1–20 of 94 properties for sale Sort: Default Default Most recent Highest price Lowest price Verification status Premium,4400000,,,https://nigeriapropertycentre.com/for-sale/land/residential-land/lagos/ikoyi/old-ikoyi/3593557-dilapidated-fully-detached-house-measuring-1350-sqm
delisted,Old Ikoyi,4,1–20 of 94 properties for sale Sort: Default Default Most recent Highest price Lowest price Verification status Premium,4400000,,,https://nigeriapropertycentre.com/for-sale/land/residential-land/lagos/ikoyi/old-ikoyi/3587300-land-measuring-1-364sqm
delisted,Lekki Phase 1,2,Premium Verified Photos 13,350000000,,,https://nigeriapropertycentre.com/for-sale/flats-apartments/lagos/lekki/lekki-phase-1/3665630-2-bedroom-flat-with-balcony
delisted,Lekki Phase 1,2,Premium Verified Photos 17,370000000,,,https://nigeriapropertycentre.com/for-sale/flats-apartments/lagos/lekki/lekki-phase-1/3664005-2-bedroom-flat-with-balcony
delisted,Lekki Phase 1,3,Premium 24,550000000,,,https://nigeriapropertycentre.com/for-sale/flats-apartments/lagos/lekki/lekki-phase-1/3665703-3-bedroom-luxury-apartment-with-pool-and-gym
delisted,Lekki Phase 1,2,Premium 17,370000000,,,https://nigeriapropertycentre.com/for-sale/flats-apartments/lagos/lekki/lekki-phase-1/3665688-two-bedroom-flat-with-elevator-and-swimming-pool
delisted,Lekki Phase 1,2,Premium 17,300000000,,,https://nigeriapropertycentre.com/for-sale/flats-apartments/lagos/lekki/lekki-phase-1/3665560-two-bedroom-luxury-apartment
delisted,Lekki Phase 1,2,Premium 21,350000000,,,https://nigeriapropertycentre.com/for-sale/flats-apartments/lagos/lekki/lekki-phase-1/3665471-brand-new-2-bedroom-service-smart-apartment-with-bq-pool-gym-elevator
delisted,Lekki Phase 1,2,Premium 20,260000000,,,https://nigeriapropertycentre.com/for-sale/flats-apartments/lagos/lekki/lekki-phase-1/3665332-2-bedroom-furnished-apartment
delisted,Lekki Phase 1,2,"Premium 6 ₦270,000,000 Flat / apartment for sale Modern 2 Bedroom Apartment Modern 2-Bedroom Apartment Off Freedom Way, Lekki Phase 1, Lagos Title: Governor's Consent ️ Approved Bu",270000000,,,https://nigeriapropertycentre.com/for-sale/flats-apartments/lagos/lekki/lekki-phase-1/3665224-modern-2-bedroom-apartment
delisted,Lekki Phase 1,2,Premium Verified Photos 15,20000000,,,https://nigeriapropertycentre.com/for-rent/flats-apartments/lagos/lekki/lekki-phase-1/3665622-2-bedroom-flat
delisted,Lekki Phase 1,3,Premium 20,9000000,,,https://nigeriapropertycentre.com/for-rent/flats-apartments/lagos/lekki/lekki-phase-1/3665578-3-bedroom-flat
delisted,Lekki Phase 1,4,Premium 21,25000000,,,https://nigeriapropertycentre.com/for-rent/flats-apartments/lagos/lekki/lekki-phase-1/3665603-4-bedroom-maisonette
delisted,Lekki Phase 1,2,"Premium 8 ₦8,000,000 /yr Flat / apartment for rent 2 Bedroom Apartment 2 Bedroom Apartment for Rent Location: Lekki Phase 1, Lekki Price: 8M per annum Features: - Spacious living r",8000000,,,https://nigeriapropertycentre.com/for-rent/flats-apartments/lagos/lekki/lekki-phase-1/3665576-2-bedroom-apartment
delisted,Lekki Phase 1,1,Q behind a Duplex Features: - Separate Toilet & Bathroom - Separate Kitchenette - Parking for 1 Car - Shared Prepaid Meter - Borehole Water 24/7 - Secure & Serene Environment Rent:,5000000,,,https://nigeriapropertycentre.com/for-rent/flats-apartments/self-contained/lagos/lekki/lekki-phase-1/3665508-1-bedroom-self-contained-boys-quarter
delisted,Lekki Phase 1,3,Premium 12,17000000,,,https://nigeriapropertycentre.com/for-rent/flats-apartments/lagos/lekki/lekki-phase-1/3665484-3-bedroom
delisted,Lekki Phase 1,3,"Premium 9 ₦30,000,000 /yr Flat / apartment for rent Lovely Furnished 3 Bedroom Flat with BQ in a Serene Environ. Lovely furnished 3 bedroom flat with BQ in a a cool environ. Featur",30000000,,,https://nigeriapropertycentre.com/for-rent/flats-apartments/lagos/lekki/lekki-phase-1/3665431-lovely-furnished-3-bedroom-flat-with-bq-in-a-serene-environ
delisted,Lekki Phase 1,3,Premium 23,20000000,,,https://nigeriapropertycentre.com/for-rent/flats-apartments/lagos/lekki/lekki-phase-1/3665361-fully-serviced-brand-new-3-bedroom-flat-with-bq
delisted,Lekki Phase 1,2,"Premium 9 ₦8,000,000 /yr Flat / apartment for rent 2 Bedroom Apartment 2 Bedroom Apartment for Rent Location: Lekki Phase 1, Lekki Price: 8M per annum Features: - Spacious living r",8000000,,,https://nigeriapropertycentre.com/for-rent/flats-apartments/lagos/lekki/lekki-phase-1/3665359-2-bedroom-apartment
delisted,Lekki Phase 1,2,Premium 11,21000000,,,https://nigeriapropertycentre.com/for-rent/flats-apartments/lagos/lekki/lekki-phase-1/3665325-luxurious-furnished-2-bedroom-flat-in-a-secured-environment
delisted,Lekki Phase 1,,ore this property is gone 𝗣𝗿𝗼𝗽𝗲𝗿𝘁𝘆 & 𝗘𝗻𝘃𝗶𝗿𝗼𝗻𝗺𝗲𝗻𝘁 𝗙𝗲𝗮𝘁𝘂𝗿𝗲𝘀 Secure estate Table dry land Steady power supply Smooth access road Good drainage system Serene neighborhood 𝗣𝗿𝗶𝗰𝗲 Price -,450000000,,,https://nigeriapropertycentre.com/for-sale/land/residential-land/lagos/lekki/lekki-phase-1/3665235-600sqm-premium-land-in-a-secure-estate
delisted,Lekki Phase 1,,1–20 of 314 properties for sale Sort: Default Default Most recent Highest price Lowest price Verification status Premium 4,450000000,,,https://nigeriapropertycentre.com/for-sale/land/residential-land/lagos/lekki/lekki-phase-1/3519157-1000sqm-with-structure
delisted,Lekki Phase 1,,1–20 of 314 properties for sale Sort: Default Default Most recent Highest price Lowest price Verification status Premium 4,450000000,,,https://nigeriapropertycentre.com/for-sale/land/residential-land/lagos/lekki/lekki-phase-1/3594932-a-land-measuring-506-sqm-with-renovatable-house
delisted,Lekki Phase 1,,",000,000 Residential land for sale 3090SQM Residential Land For sale directly on admiralty road at lekki phase 1 3090sqm Cornerpiece land measuring Title: Lagos state C of O Price:",6000000000,,,https://nigeriapropertycentre.com/for-sale/land/residential-land/lagos/lekki/lekki-phase-1/3664882-3090sqm-residential-land
delisted,Lekki Phase 1,,"9 ₦1,100,000,000 Residential land for sale Residential Land in the Most Serene Area 2 Weeks price reduction!!! 558SQM bare land fenced and gated Title: Governors consent Old price:",1100000000,,,https://nigeriapropertycentre.com/for-sale/land/residential-land/lagos/lekki/lekki-phase-1/3664601-residential-land-in-the-most-serene-area
delisted,Lekki Phase 1,,"Premium ₦1,280,000,000 Residential land for sale Residential Land, 840SQM Price slash land for sale lekki phase 1 off admiralty way Lekki phase 1 840sqm C of o",1280000000,,,https://nigeriapropertycentre.com/for-sale/land/residential-land/lagos/lekki/lekki-phase-1/3664458-residential-land-840sqm
delisted,Lekki Phase 1,,"Premium 1 ₦6,000,000,000 Residential land for sale 3090SQM Corner-Piece Residential Land Plot (Talking to Mandate) A Corner-piece plot measuring 3090sqm is available for sale in a ",6000000000,,,https://nigeriapropertycentre.com/for-sale/land/residential-land/lagos/lekki/lekki-phase-1/3663718-3090sqm-corner-piece-residential-land-plot-talking-to-mandate
delisted,Lekki Phase 1,,1–20 of 314 properties for sale Sort: Default Default Most recent Highest price Lowest price Verification status Premium 4,450000000,,,https://nigeriapropertycentre.com/for-sale/land/residential-land/lagos/lekki/lekki-phase-1/3661289-residential-land
delisted,Lekki Phase 1,,1–20 of 314 properties for sale Sort: Default Default Most recent Highest price Lowest price Verification status Premium 4,450000000,,,https://nigeriapropertycentre.com/for-sale/land/residential-land/lagos/lekki/lekki-phase-1/3107909-residential-land-measuring-650sqm
delisted,Lekki Phase 1,,1–20 of 314 properties for sale Sort: Default Default Most recent Highest price Lowest price Verification status Premium 4,450000000,,,https://nigeriapropertycentre.com/for-sale/land/residential-land/lagos/lekki/lekki-phase-1/3655403-prime-2-130sqm-development-land
delisted,Eko Atlantic,2,"Premium 5 ₦450,000,000 Flat / apartment for sale Prime 2 Bedroom Luxury Apartment + BQ Note- WE have direct instruction from the owner to sell this property. Right in the heart of ",450000000,,,https://nigeriapropertycentre.com/for-sale/flats-apartments/lagos/victoria-island/3069606-prime-2-bedroom-luxury-apartment-bq
delisted,Eko Atlantic,3,"Premium 5 ₦600,000,000 Flat / apartment for sale Direct Brief: Luxury 3 Bedrooms Apartment Direct instruction Own a Home in a Modern 10-Storey Masterpiece! Step into sophistication",600000000,,,https://nigeriapropertycentre.com/for-sale/flats-apartments/lagos/victoria-island/oniru/3070452-direct-brief-luxury-3-bedrooms-apartment
delisted,Eko Atlantic,2,"nt with a Gym Exceptional opportunity to own a luxury, brand-new 2-bedroom apartment situated in a prime location just off Adeola Odeku Street, Victoria Island. Key Details: Price:",450000000,,,https://nigeriapropertycentre.com/for-sale/flats-apartments/lagos/victoria-island/3664678-brand-new-2-bedroom-apartment-with-a-gym
delisted,Eko Atlantic,4,"Premium 23 $900,000 Flat / apartment for sale Fully Serviced 4 Bedroom Apartment [all Rooms En-Suite] Fully serviced 3bed available for sale in VI Vita Towers. Features - Fully en-",,,,https://nigeriapropertycentre.com/for-sale/flats-apartments/lagos/victoria-island/3664453-fully-serviced-4-bedroom-apartment-all-rooms-en-suite
delisted,Eko Atlantic,2,Premium 20,650000000,,,https://nigeriapropertycentre.com/for-sale/flats-apartments/lagos/victoria-island/3664371-2-bedroom-apartment-swimming-pool-elevator-bq
delisted,Eko Atlantic,3,Premium Verified Photos 13,55000000,,,https://nigeriapropertycentre.com/for-rent/flats-apartments/lagos/victoria-island/3665253-3-bedroom-flat-with-bq
delisted,Eko Atlantic,3,Premium 14,42000000,,,https://nigeriapropertycentre.com/for-rent/flats-apartments/lagos/victoria-island/3665636-furnished-3-bedroom-apartment
delisted,Eko Atlantic,1,"Premium 1 ₦12,000,000 /yr Mini flat (room and parlour) for rent Mini Flat (Room and Parlour) MY direct brief 2 Units of mini flat 4 units of studio 𝗙𝘂𝗹𝗹𝘆 𝗦𝗲𝗿𝘃𝗶𝗰𝗲𝗱 𝗥𝗼𝗼𝗺 𝗮𝗻𝗱 𝗣𝗮𝗿𝗹𝗼𝘂𝗿 ",12000000,,,https://nigeriapropertycentre.com/for-rent/flats-apartments/mini-flats/lagos/victoria-island/3665586-mini-flat-room-and-parlour
delisted,Eko Atlantic,1,"Premium 6 ₦12,000,000 /yr Mini flat (room and parlour) for rent Mini Flat in Serviced Estate 𝗧𝗼 𝗟𝗲𝘁 𝗙𝘂𝗹𝗹𝘆 𝗦𝗲𝗿𝘃𝗶𝗰𝗲𝗱 𝗥𝗼𝗼𝗺 𝗮𝗻𝗱 𝗣𝗮𝗿𝗹𝗼𝘂𝗿 (𝗠𝗶𝗻𝗶 𝗙𝗹𝗮𝘁)𝗢𝗳𝗳 𝗔𝗱𝗲𝗼𝗹𝗮 𝗢𝗱𝗲𝗸𝘂, 𝗩𝗶𝗰𝘁𝗼𝗿𝗶𝗮 𝗜𝘀𝗹𝗮𝗻𝗱, 𝗟𝗮",12000000,,,https://nigeriapropertycentre.com/for-rent/flats-apartments/mini-flats/lagos/victoria-island/3665554-mini-flat-in-serviced-estate
delisted,Eko Atlantic,1,Premium Video,4000000,,,https://nigeriapropertycentre.com/for-rent/flats-apartments/lagos/victoria-island/oniru/3665432-shared-furnished-apartment
delisted,Eko Atlantic,3,"Premium ₦20,000,000 /yr Flat / apartment for rent Serviced 3 Bedroom with BQ To let Well maintained 3 bedroom penthouse apartment for rent. Location: Oniru Estate Features: - Fully",20000000,,,https://nigeriapropertycentre.com/for-rent/flats-apartments/lagos/victoria-island/oniru/3665287-serviced-3-bedroom-with-bq
delisted,Eko Atlantic,1,"Premium 2 ₦6,000,000 /yr Mini flat (room and parlour) for rent Serviced 1 Bedroom Flat with Swimming Pool To let Serviced one bedroom apartment (MINI-FLAT) with swimming pool locat",6000000,,,https://nigeriapropertycentre.com/for-rent/flats-apartments/mini-flats/lagos/victoria-island/oniru/3665236-serviced-1-bedroom-flat-with-swimming-pool
delisted,Eko Atlantic,3,Premium 14,25000000,,,https://nigeriapropertycentre.com/for-rent/flats-apartments/lagos/victoria-island/3665150-furnished-3-bedroom-flat-with-bq
delisted,Eko Atlantic,3,Premium 13,55000000,,,https://nigeriapropertycentre.com/for-rent/flats-apartments/lagos/victoria-island/3665104-fully-furnished-3-bedroom-pent-apartment
delisted,Eko Atlantic,1,Premium 10,8000000,,,https://nigeriapropertycentre.com/for-rent/flats-apartments/lagos/victoria-island/oniru/3665028-standard-1-bedroom-flat
delisted,Eko Atlantic,2,Premium 12,20000000,,,https://nigeriapropertycentre.com/for-rent/flats-apartments/lagos/victoria-island/3664989-2-bedroom-serviced-apartment
delisted,Eko Atlantic,3,"1–20 of 2,143 properties for rent Sort: Default Default Most recent Highest price Lowest price Verification status Premium Verified Photos 13",55000000,,,https://nigeriapropertycentre.com/for-rent/flats-apartments/lagos/victoria-island/3664944-luxury-waterfront-apartments
delisted,Ikeja GRA,3,Premium 20,550000000,,,https://nigeriapropertycentre.com/for-sale/flats-apartments/lagos/ikeja/gra/3665230-3-bedroom-apartment-with-bq-and-communal-pool
delisted,Ikeja GRA,2,"Premium ₦100,000,000 Flat / apartment for sale 2 Bedroom Flat Newly built 2Bedroom luxury apartment all rooms en-suite, in a lovely and secured environment with close proximity to ",100000000,,,https://nigeriapropertycentre.com/for-sale/flats-apartments/lagos/ikeja/ogba/3665168-2-bedroom-flat
delisted,Ikeja GRA,3,Premium 10,210000000,,,https://nigeriapropertycentre.com/for-sale/flats-apartments/lagos/ikeja/3664432-a-newly-built-3-bedroom-apartments
delisted,Ikeja GRA,2,"Premium ₦20,000,000 /yr Flat / apartment for rent 2 Bedroom Flat 2 Bedroom apartment fully furnished within a calm estate off ladoke Akintola estate, ikeja GRA ikeja Lagos. Video A",20000000,,,https://nigeriapropertycentre.com/for-rent/flats-apartments/lagos/ikeja/gra/3665584-2-bedroom-flat
delisted,Ikeja GRA,1,"Premium 8 ₦3,000,000 /yr Mini flat (room and parlour) for rent Beautiful Mini Flat with 2 Toilets Upstairs Beautiful Mini Flat With 2 Toilet Upstairs Location: Inside well secured ",3000000,,,https://nigeriapropertycentre.com/for-rent/flats-apartments/mini-flats/lagos/ikeja/adeniyi-jones/3664595-beautiful-mini-flat-with-2-toilets-upstairs
delisted,Ikeja GRA,2,Premium 24,8000000,,,https://nigeriapropertycentre.com/for-rent/flats-apartments/lagos/ikeja/opebi/3664588-beautiful-fully-furnished-2-bedroom-all-rooms-ensuite
delisted,Ikeja GRA,2,Premium 12,11000000,,,https://nigeriapropertycentre.com/for-rent/flats-apartments/lagos/ikeja/alausa/3664575-beautiful-newly-build-2-bedroom-flat-with-en-suite-upstairs
delisted,Ikeja GRA,3,"Premium 1 ₦35,000,000 /yr Flat / apartment for rent 3 Bedroom Furnished Flat All rooms ensuite 3 bedrooms furnished flat. Swimming pool and gym. @ GRA Ikeja. Rent: 35m per annum. S",35000000,,,https://nigeriapropertycentre.com/for-rent/flats-apartments/lagos/ikeja/3664342-3-bedroom-furnished-flat
delisted,Ikeja GRA,4,"Premium ₦7,000,000 /yr Flat / apartment for rent Spacious 4 Bedroom Flat Spacious 4Bedroom flat upstairs private space premises. Commercial or residential usage Video Available Off",7000000,,,https://nigeriapropertycentre.com/for-rent/flats-apartments/lagos/ikeja/3664015-spacious-4-bedroom-flat
delisted,Ikeja GRA,2,"Premium ₦6,500,000 /yr Flat / apartment for rent Newly Built 2 Bedroom Flat To let Newly built 2bedroom flat all rooms ensuite inside gated estate off awolowo way ikeja Lagos Video",6500000,,,https://nigeriapropertycentre.com/for-rent/flats-apartments/lagos/ikeja/3663994-newly-built-2-bedroom-flat
delisted,Ikeja GRA,3,"Premium 1 ₦3,000,000 /yr Flat / apartment for rent 3 Bedroom Flat Newly renovated 3 bedroom flat 3t.2bath UP stairs pop ceiling and screed walls, water heater Location: Ajayi road ",3000000,,,https://nigeriapropertycentre.com/for-rent/flats-apartments/lagos/ikeja/ogba/3663536-3-bedroom-flat
delisted,Ikeja GRA,1,Premium 1 Video,3000000,,,https://nigeriapropertycentre.com/for-rent/flats-apartments/mini-flats/lagos/ikeja/adeniyi-jones/3663122-mini-flat-with-2-toilets
delisted,Ikeja GRA,2,"Premium ₦17,000,000 /yr Flat / apartment for rent 2 Bedroom Furnished Apartment 2 bed apartment fully furnished within a calm estate off ladoke Akintola estate, ikeja GRA ikeja Lag",17000000,,,https://nigeriapropertycentre.com/for-rent/flats-apartments/lagos/ikeja/gra/3662846-2-bedroom-furnished-apartment
delisted,Ikeja GRA,3,"Premium 6 ₦20,000,000 /yr Flat / apartment for rent 3 Bedroom Flat +BQ Decent 3 bedroom flat for rent at GRA ikeja GRA, Ikeja GRA, Ikeja, Lagos Added yesterday 3 beds 3 baths 4 toi",20000000,,,https://nigeriapropertycentre.com/for-rent/flats-apartments/lagos/ikeja/gra/3662602-3-bedroom-flat-bq
delisted,Ikeja GRA,,Premium Video,950000000,,,https://nigeriapropertycentre.com/for-sale/land/residential-land/lagos/ikeja/oregun/3665103-3-plots-residential-land
delisted,Ikeja GRA,,1–21 of 258 properties for sale Sort: Default Default Most recent Highest price Lowest price Verification status Premium Plus Top promoted listing 1 photo,15000000000,,,https://nigeriapropertycentre.com/for-sale/land/residential-land/lagos/ikeja/omole-phase-2/3270935-500sqm-of-premium-residential-land-with-governors-consent
delisted,Ikeja GRA,,1–21 of 258 properties for sale Sort: Default Default Most recent Highest price Lowest price Verification status Premium Plus Top promoted listing 1 photo,15000000000,,,https://nigeriapropertycentre.com/for-sale/land/residential-land/lagos/ikeja/opebi/3423541-1000ms-plot-with-flats-approval-and-piling-foundation
delisted,Ikeja GRA,,"Premium 9 ₦75,000,000 Residential land for sale Full Plot of Land with Demolishable Building A full plot of land with a demolishable building at akiode, ogba, Ikeja Lagos. Receipt ",75000000,,,https://nigeriapropertycentre.com/for-sale/land/residential-land/lagos/ikeja/ogba/3664200-full-plot-of-land-with-demolishable-building
delisted,Ikeja GRA,,1–21 of 258 properties for sale Sort: Default Default Most recent Highest price Lowest price Verification status Premium Plus Top promoted listing 1 photo,15000000000,,,https://nigeriapropertycentre.com/for-sale/land/residential-land/lagos/ikeja/gra/3391404-urgent-2000-sqm-plot-with-state-title
delisted,Ikeja GRA,,1–21 of 258 properties for sale Sort: Default Default Most recent Highest price Lowest price Verification status Premium Plus Top promoted listing 1 photo,15000000000,,,https://nigeriapropertycentre.com/for-sale/land/residential-land/lagos/ikeja/omole-phase-2/2714687-most-luxury-estate-for-immediate-grab
delisted,Ikeja GRA,,1–21 of 258 properties for sale Sort: Default Default Most recent Highest price Lowest price Verification status Premium Plus Top promoted listing 1 photo,15000000000,,,https://nigeriapropertycentre.com/for-sale/land/residential-land/lagos/ikeja/agidingbi/3621755-premium-land-with-c-of-o
delisted,Ikeja GRA,,1–21 of 258 properties for sale Sort: Default Default Most recent Highest price Lowest price Verification status Premium Plus Top promoted listing 1 photo,15000000000,,,https://nigeriapropertycentre.com/for-sale/land/residential-land/lagos/ikeja/omole-phase-2/3624294-a-premium-residential-plot-of-land
delisted,Ikeja GRA,,1–21 of 258 properties for sale Sort: Default Default Most recent Highest price Lowest price Verification status Premium Plus Top promoted listing 1 photo,15000000000,,,https://nigeriapropertycentre.com/for-sale/land/residential-land/lagos/ikeja/agidingbi/3613404-exclusive-plots-of-land
delisted,Ikeja GRA,,1–21 of 258 properties for sale Sort: Default Default Most recent Highest price Lowest price Verification status Premium Plus Top promoted listing 1 photo,15000000000,,,https://nigeriapropertycentre.com/for-sale/land/residential-land/lagos/ikeja/3660837-residential-land-with-demolishable-structure
delisted,Ikeja GRA,,1–21 of 258 properties for sale Sort: Default Default Most recent Highest price Lowest price Verification status Premium Plus Top promoted listing 1 photo,15000000000,,,https://nigeriapropertycentre.com/for-sale/land/residential-land/lagos/ikeja/3503835-land-measuring-about-680sm
delisted,Asokoro,5,1–20 of 132 properties for sale Sort: Default Default Most recent Highest price Lowest price Verification status Premium 10,277500000,,,https://nigeriapropertycentre.com/for-sale/land/residential-land/abuja/asokoro-district/3575722-premium-land
delisted,Asokoro,5,1–20 of 132 properties for sale Sort: Default Default Most recent Highest price Lowest price Verification status Premium 10,277500000,,,https://nigeriapropertycentre.com/for-sale/land/residential-land/abuja/asokoro-district/3322429-1009sqm-of-land
delisted,Asokoro,5,1–20 of 132 properties for sale Sort: Default Default Most recent Highest price Lowest price Verification status Premium 10,277500000,,,https://nigeriapropertycentre.com/for-sale/land/residential-land/abuja/asokoro-district/3629091-1500sqm-of-residential-land
delisted,Asokoro,5,1–20 of 132 properties for sale Sort: Default Default Most recent Highest price Lowest price Verification status Premium 10,277500000,,,https://nigeriapropertycentre.com/for-sale/land/residential-land/abuja/asokoro-district/3618844-1800sqm-of-land
delisted,Asokoro,5,1–20 of 132 properties for sale Sort: Default Default Most recent Highest price Lowest price Verification status Premium 10,277500000,,,https://nigeriapropertycentre.com/for-sale/land/residential-land/abuja/asokoro-district/3431760-plots-of-affordable-land
delisted,Asokoro,5,1–20 of 132 properties for sale Sort: Default Default Most recent Highest price Lowest price Verification status Premium 10,277500000,,,https://nigeriapropertycentre.com/for-sale/land/residential-land/abuja/asokoro-district/3641131-a-residential-plot-of-land
delisted,Asokoro,5,1–20 of 132 properties for sale Sort: Default Default Most recent Highest price Lowest price Verification status Premium 10,277500000,,,https://nigeriapropertycentre.com/for-sale/land/residential-land/abuja/asokoro-district/3610886-distress-plot-of-land
delisted,Asokoro,5,1–20 of 132 properties for sale Sort: Default Default Most recent Highest price Lowest price Verification status Premium 10,277500000,,,https://nigeriapropertycentre.com/for-sale/land/residential-land/abuja/asokoro-district/3520731-500sqm-land-c-of-o
delisted,Asokoro,5,1–20 of 132 properties for sale Sort: Default Default Most recent Highest price Lowest price Verification status Premium 10,277500000,,,https://nigeriapropertycentre.com/for-sale/land/residential-land/abuja/asokoro-district/3563435-1500sqm-land
delisted,Maitama,2,Premium 15,15000000,,,https://nigeriapropertycentre.com/for-rent/flats-apartments/abuja/maitama-district/3665548-2-bedroom-flat-with-gym-and-pool
delisted,Maitama,2,Premium 10,15000000,,,https://nigeriapropertycentre.com/for-rent/flats-apartments/abuja/maitama-district/3664909-a-fully-serviced-2-bedroom-flat
delisted,Maitama,2,Premium 16,30000000,,,https://nigeriapropertycentre.com/for-rent/flats-apartments/abuja/maitama-district/3664718-fully-furnished-2-bedroom-flat-with-gym-swimming-large-kitchen
delisted,Maitama,2,"Premium 8 ₦17,000,000 /yr Flat / apartment for rent Nice Serviced 2 Bedroom Flat with Swimming Pool Serviced and spacious 2bedrooms flats in Maitama Comes with swimming pool Gym 24",17000000,,,https://nigeriapropertycentre.com/for-rent/flats-apartments/abuja/maitama-district/3664414-nice-serviced-2-bedroom-flat-with-swimming-pool
delisted,Maitama,2,Premium 17,15000000,,,https://nigeriapropertycentre.com/for-rent/flats-apartments/abuja/maitama-district/3664011-serviced-2-bedroom-spacious-apartment-pool-gym-247-services
delisted,Maitama,2,1–20 of 162 properties for rent Sort: Default Default Most recent Highest price Lowest price Verification status Premium 15,15000000,,,https://nigeriapropertycentre.com/for-rent/flats-apartments/abuja/maitama-district/3541622-exquisitely-finished-2-bedroom-well-furnished
delisted,Maitama,2,Premium 14,15000000,,,https://nigeriapropertycentre.com/for-rent/flats-apartments/abuja/maitama-district/3663584-serviced-2-bedroom-flat
delisted,Maitama,2,Premium 18,30000000,,,https://nigeriapropertycentre.com/for-rent/flats-apartments/abuja/maitama-district/3663560-2-bedroom-furnished-flat
delisted,Maitama,2,1–20 of 162 properties for rent Sort: Default Default Most recent Highest price Lowest price Verification status Premium 15,15000000,,,https://nigeriapropertycentre.com/for-rent/flats-apartments/abuja/maitama-district/3541609-luxury-3-bedroom-fitted-and-furnished-with-swimming-pool-gym
delisted,Maitama,,1–20 of 119 properties for sale Sort: Default Default Most recent Highest price Lowest price Verification status Premium,2000000000,,,https://nigeriapropertycentre.com/for-sale/land/residential-land/abuja/maitama-district/3660868-mshel-carlton-residence-plots-in-a-serene-environment
delisted,Maitama,,1–20 of 119 properties for sale Sort: Default Default Most recent Highest price Lowest price Verification status Premium,2000000000,,,https://nigeriapropertycentre.com/for-sale/land/residential-land/abuja/maitama-district/maitama-2/3557558-prime-residential-detached-duplex-plot-600sqm
delisted,Maitama,,1–20 of 119 properties for sale Sort: Default Default Most recent Highest price Lowest price Verification status Premium,2000000000,,,https://nigeriapropertycentre.com/for-sale/land/residential-land/abuja/maitama-district/3660093-1000sqm-residential-land
delisted,Maitama,,1–20 of 119 properties for sale Sort: Default Default Most recent Highest price Lowest price Verification status Premium,2000000000,,,https://nigeriapropertycentre.com/for-sale/land/residential-land/abuja/maitama-district/3660089-1200sqm-of-residential-land
delisted,Maitama,,1–20 of 119 properties for sale Sort: Default Default Most recent Highest price Lowest price Verification status Premium,2000000000,,,https://nigeriapropertycentre.com/for-sale/land/residential-land/abuja/maitama-district/3656935-residential-land
delisted,Maitama,,1–20 of 119 properties for sale Sort: Default Default Most recent Highest price Lowest price Verification status Premium,2000000000,,,https://nigeriapropertycentre.com/for-sale/land/residential-land/abuja/maitama-district/3656931-residential-land
delisted,Maitama,,1–20 of 119 properties for sale Sort: Default Default Most recent Highest price Lowest price Verification status Premium,2000000000,,,https://nigeriapropertycentre.com/for-sale/land/residential-land/abuja/maitama-district/3656929-residential-land
delisted,Maitama,,1–20 of 119 properties for sale Sort: Default Default Most recent Highest price Lowest price Verification status Premium,2000000000,,,https://nigeriapropertycentre.com/for-sale/land/residential-land/abuja/maitama-district/3656928-residential-land
delisted,Maitama,,1–20 of 119 properties for sale Sort: Default Default Most recent Highest price Lowest price Verification status Premium,2000000000,,,https://nigeriapropertycentre.com/for-sale/land/residential-land/abuja/maitama-district/3656910-residential-land
delisted,Maitama,,1–20 of 119 properties for sale Sort: Default Default Most recent Highest price Lowest price Verification status Premium,2000000000,,,https://nigeriapropertycentre.com/for-sale/land/residential-land/abuja/maitama-district/3656915-residential-land
delisted,Wuse,3,Premium 17,6500000,,,https://nigeriapropertycentre.com/for-rent/flats-apartments/abuja/wuse/3665453-3-bedroom-flat
delisted,Wuse,3,Featured 19,6500000,,,https://nigeriapropertycentre.com/for-rent/flats-apartments/abuja/wuse/3665464-a-lovely-specious-3-bedroom-flat
