type,location,bedrooms,title,old_price,new_price,pct_change,listing_url
new_listing,Banana Island,4,4 Bedroom Penthouse Akobo Ibadan Oyo 4 Bedroom Penthouse / Flat / Apartment FOR SALE,,380000000,,https://propertypro.ng/agent/middlebrooks-consortium
new_listing,Banana Island,5,5bed Detached+bq.. Old Ikoyi Ikoyi Lagos 5bed Detached+bq.. / House FOR SALE,,5000000000,,https://propertypro.ng/agent/tofade-dolapo
new_listing,Victoria Island,,"Land In Prime Location Measuring 4,176sqm Victoria Island Lagos Land In Prime Location Measuring 4,176sqm / Land FOR Sale",,12500000000,,https://propertypro.ng/agent/quolar-property
price_change,Old Ikoyi,,Vacant Land Old Ikoyi Ikoyi Lagos Vacant Land / Land FOR Sale,2000000000,5400000,-99.7,https://propertypro.ng/agent/saint-joseph-property
new_listing,Old Ikoyi,,"Exclusive Land Opportunity – Cooper Road, Ikoyi Cooper Road, Ikoyi Old Ikoyi Ikoyi Lagos Exclusive Land Opportunity – Cooper Road, Ikoyi / Land FOR Sale",,4300000,,https://propertypro.ng/agent/fizzle-adewale-ventures
new_listing,Old Ikoyi,3,"1 Davian’s Court Luxury 3 Bedroom Residences In Ikoyi 5a Onilegbale Street, Old Ikoyi, Ikoyi, Lagos Old Ikoyi Ikoyi Lagos Davian’s Court Luxury 3 Bedroom Residences In Ikoyi / Flat",,,,https://propertypro.ng/property/3-bedroom-flat-apartment-for-sale-5a-onilegbale-street-old-ikoyi-ikoyi-lagos-old-ikoyi-ikoyi-lagos-2QDFD
new_listing,Old Ikoyi,3,"1 Davian’s Court Luxury 3 Bedroom Residences In Ikoyi 5a Onilegbale Street, Old Ikoyi, Ikoyi, Lagos Old Ikoyi Ikoyi Lagos Davian’s Court Luxury 3 Bedroom Residences In Ikoyi / Flat",,,,https://propertypro.ng/agent/hoy-property
new_listing,Old Ikoyi,,Land Measuring 550sqm Old Ikoyi Ikoyi Lagos Land Measuring 550sqm / Land FOR Sale,,5000000,,https://propertypro.ng/property/1-bedroom-land-for-sale-old-ikoyi-ikoyi-lagos-6PVBP
price_change,Lekki Phase 1,2,Lovely 2 Bedroom Apartment In An Estate Lekki Phase1 Lekki Phase 1 Lekki Lagos Lovely 2 Bedroom Apartment In An Estate / Flat Apartment FOR Sale,25000000,180000000,620.0,https://propertypro.ng/agent/outstanding-real-estate-limited
new_listing,Lekki Phase 1,5,5 Bedroom Detached Triplex With Study Room Aare New Bodija Bodija Ibadan Oyo 5 Bedroom Detached Triplex With Study Room / House FOR SALE,,175000000,,https://propertypro.ng/agent/ayomide-oseni
new_listing,Victoria Island,5,"5 Bedroom Apartment 4th Avenue, 3rd Close, Federal Housing Estate (malaysia Estate) Oshimili North Delta 5 Bedroom Apartment / House FOR SALE",,500000000,,https://propertypro.ng/agent/chrysla-development
new_listing,Lekki Phase 1,,Land Lekki Phase 1 Lekki Lagos Land / Land FOR Sale,,4000000000,,https://propertypro.ng/agent/chigold-homes-property-limited
new_listing,Lekki Phase 1,,Residential Or Commercial Land Lekki Phase Proper By Admiralty Lekki Phase 1 Lekki Lagos Residential Or Commercial Land / Land FOR Sale,,1200000000,,https://propertypro.ng/agent/real-and-reliable-homes-limited1
new_listing,Victoria Island,3,Exquisite 3 Bedroom Apartment Oniru Victoria Island Lagos Exquisite 3 Bedroom Apartment / Flat Apartment FOR Sale,,199000000,,https://propertypro.ng/agent/torys-realty2
price_change,Victoria Island,1,1 Bedroom Apartment Victoria Island Lagos 1 Bedroom Apartment / Flat Apartment FOR Sale,750000000,300000000,-60.0,https://propertypro.ng/agent/sunwealth-real-estate-limited
new_listing,Victoria Island,2,Luxury 2 Bedroom Flat Lekki Lagos Luxury 2 Bedroom Flat / Flat / Apartment FOR SHORTLET,,170000,,https://propertypro.ng/agent/onyinye-uche
new_listing,Victoria Island,,Fenced Dry Land Idowu Taylor Victoria Island Lagos Fenced Dry Land / Land FOR Sale,,2300000,,https://propertypro.ng/property/land-for-sale-idowu-taylor-victoria-island-lagos-8NVXH
price_change,Victoria Island,,1768sqm Land Eko Atlantic City Victoria Island Lagos 1768sqm Land / Land FOR Sale,25000000,3000000,-88.0,https://propertypro.ng/agent/spudy-global-limited
price_change,Victoria Island,,Land Eko Atlantic City Victoria Island Lagos Land / Land FOR Sale,16000000,7000000000,43650.0,https://propertypro.ng/agent/projects-and-services
new_listing,Victoria Island,,"Luxurious 6 Bedroom Detached Duplex With Bq Katampe Ext Diplomatic Zone, Katampe Extension Katampe Abuja Luxurious 6 Bedroom Detached Duplex With Bq / House FOR SALE",,750000000,,https://propertypro.ng/agent/ademeso-olalekan-ademola
new_listing,Ikeja GRA,3,Must See 12 Newly Built 3 Bedroom Apartment With Elevator + Pool Ikeja Gra Ikeja Lagos Newly Built 3 Bedroom Apartment With Elevator + Pool / Flat / Apartment FOR SALE,,400000000,,https://propertypro.ng/property/3-bedroom-flat-apartment-for-sale-ikeja-gra-ikeja-lagos-2QDQT
new_listing,Ikeja GRA,3,Must See 17 3 Bedroom Apartment With Bq Ikeja Gra Ikeja Lagos 3 Bedroom Apartment With Bq / Flat Apartment FOR Sale,,400000000,,https://propertypro.ng/property/3-bedroom-flat-apartment-for-sale-ikeja-gra-ikeja-lagos-4QBDP
new_listing,Ikeja GRA,4,Must See 14 Newly Built 4 Bedroom Apartment Ikeja Gra Ikeja Lagos Newly Built 4 Bedroom Apartment / Flat Apartment FOR Sale,,400000000,,https://propertypro.ng/property/4-bedroom-flat-apartment-for-sale-ikeja-gra-ikeja-lagos-3PTGZ
new_listing,Ikeja GRA,3,Must See 14 Well Finished 3 Bedroom Apartment With Bq Ikeja Gra Ikeja Lagos Well Finished 3 Bedroom Apartment With Bq / Flat Apartment FOR Sale,,400000000,,https://propertypro.ng/property/3-bedroom-flat-apartment-for-sale-ikeja-gra-ikeja-lagos-2PTHW
new_listing,Ikeja GRA,4,Must See 15 4 Bedroom Apartment Ikeja Gra Ikeja Lagos 4 Bedroom Apartment / Flat Apartment FOR Sale,,550000000,,https://propertypro.ng/property/4-bedroom-flat-apartment-for-sale-ikeja-gra-ikeja-lagos-1PVQF
new_listing,Ikeja GRA,3,Must See 16 Modern 3 Bedroom Apartment With Bq Ikeja Gra Ikeja Lagos Modern 3 Bedroom Apartment With Bq / Flat Apartment FOR Sale,,500000000,,https://propertypro.ng/property/3-bedroom-flat-apartment-for-sale-ikeja-gra-ikeja-lagos-4PTHC
new_listing,Ikeja GRA,3,Must See 15 Ultra Modern 3 Bedroom Apartment Ikeja Gra Ikeja Lagos Ultra Modern 3 Bedroom Apartment / Flat Apartment FOR Sale,,400000000,,https://propertypro.ng/property/3-bedroom-flat-apartment-for-sale-ikeja-gra-ikeja-lagos-0PTHW
new_listing,Ikeja GRA,3,16 Well Built 3 Bedroom Ikeja Gra Ikeja Lagos Well Built 3 Bedroom / Flat Apartment FOR Sale,,390000000,,https://propertypro.ng/property/3-bedroom-flat-apartment-for-sale-ikeja-gra-ikeja-lagos-4QFMP
new_listing,Ikeja GRA,3,16 Newly Built 3 Bedrooms Apartment In A Secure Area Ikeja Gra Ikeja Lagos Newly Built 3 Bedrooms Apartment In A Secure Area / Flat Apartment FOR Sale,,400000000,,https://propertypro.ng/property/3-bedroom-flat-apartment-for-sale-ikeja-gra-ikeja-lagos-8QFMU
new_listing,Ikeja GRA,3,28 Newly Built 3 Bedroom Apartment With Bq And Elevator Oduduwa Ikeja Gra Ikeja Lagos Newly Built 3 Bedroom Apartment With Bq And Elevator / Flat Apartment FOR Sale,,400000000,,https://propertypro.ng/property/3-bedroom-flat-apartment-for-sale-oduduwa-ikeja-gra-ikeja-lagos-0QFMU
new_listing,Ikeja GRA,3,6 3 Bedroom Flat Ikeja Gra Ikeja Lagos 3 Bedroom Flat / Flat Apartment FOR Sale,,250000000,,https://propertypro.ng/property/3-bedroom-flat-apartment-for-sale-ikeja-gra-ikeja-lagos-6PRDW
price_change,Ikeja GRA,4,A 4 Bedroom Semi Detached Duplex Off Ikeja Gra Ikeja Gra Ikeja Lagos A 4 Bedroom Semi Detached Duplex Off Ikeja Gra / Flat Apartment FOR Rent,40000000,25000000,-37.5,https://propertypro.ng/agent/muyiwa-awobifa
new_listing,Ikeja GRA,2,2 Bedroom Apartment Ikate Lekki Lagos 2 Bedroom Apartment / Flat / Apartment FOR SALE,,140000000,,https://propertypro.ng/agent/omorodion-sonia
price_change,Maitama,,350 Sqm Residential Land For Sale Maitama Abuja 350 Sqm Residential Land For Sale / Land FOR Sale,190000000,50000000,-73.7,https://propertypro.ng/agent/vnt-global-services-limited
price_change,Maitama,3,3 Bedroom Flat Maitama Abuja 3 Bedroom Flat / Flat Apartment FOR Sale,2500000,179000999,7060.0,https://propertypro.ng/agent/chikodi-atiah
new_listing,Asokoro,2,2 Bedroom Flat Asokoro Main Asokoro Abuja 2 Bedroom Flat / Flat Apartment FOR Rent,,14000000,,https://propertypro.ng/agent/first-capital-city-realtors2
price_change,Maitama,5,Luxury 5 Bedroom Fully Detached Duplex With Bq Thomas Estate Ajah Lagos Luxury 5 Bedroom Fully Detached Duplex With Bq / House FOR SALE,450000000,260000000,-42.2,https://propertypro.ng/agent/christian-onichakwe
new_listing,Maitama,1,1bedroom Flat For Rent In Maitama Maitama District Maitama Abuja 1bedroom Flat For Rent In Maitama / Flat Apartment FOR Rent,,3500000,,https://propertypro.ng/property/1-bedroom-flat-apartment-for-rent-maitama-district-maitama-abuja-0QFMY
price_change,Maitama,1,1bedroom Flat For Rent In Maitama Maitama District Maitama Abuja 1bedroom Flat For Rent In Maitama / Flat Apartment FOR Rent,8000000,3500000,-56.2,https://propertypro.ng/agent/jay-realtor
new_listing,Maitama,,Residential Plot Of Land 2432 Sqm Cofo Maitama Main Maitama Abuja Residential Plot Of Land 2432 Sqm Cofo / Land FOR Sale,,2700000000,,https://propertypro.ng/agent/citymate-integrated
new_listing,Banana Island,3,"Bayview Estate Banana Island 2 units of Well maintained Waterfront 3 Bedroom apartments on the 1st and 2nd Floor. 3 Beds, 3 Toilets, 2 Baths - Gym - Swimming Pool - Serviced Price:",,900000000,,https://nigeriapropertycentre.com/for-sale/flats-apartments/lagos/ikoyi/banana-island/3687505-3-bedroom-waterfront-apartment
new_listing,Banana Island,4,"email you when a new listing matches Flats for Sale in Banana Island, Ikoyi, Lagos. Your email address Get alerts Alert on Manage alerts Premium Plus Top promoted listing 8 photos",,4500000000,,https://nigeriapropertycentre.com/for-sale/flats-apartments/lagos/ikoyi/banana-island/3583606-3-bedroom-apartment
price_change,Banana Island,4,"email you when a new listing matches Flats for Sale in Banana Island, Ikoyi, Lagos. Your email address Get alerts Alert on Manage alerts Premium Plus Top promoted listing 8 photos",1200000000,4500000000,275.0,https://nigeriapropertycentre.com/for-sale/flats-apartments/lagos/ikoyi/banana-island/3421281-fully-furnished-views-of-lagos-lagoon-iconic-ikoyi-bridge
new_listing,Banana Island,3,"Premium 1 ₦1,200,000,000 Flat / apartment for sale 3 Bedroom Apartment with BQ and Pool 3 Bedroom Bella Vista Apartments For Sale in Banana Island 5 Units of Well Serviced and Well",,1200000000,,https://nigeriapropertycentre.com/for-sale/flats-apartments/lagos/ikoyi/banana-island/3687358-3-bedroom-apartment-with-bq-and-pool
new_listing,Banana Island,4,"email you when a new listing matches Flats for Sale in Banana Island, Ikoyi, Lagos. Your email address Get alerts Alert on Manage alerts Premium Plus Top promoted listing 8 photos",,4500000000,,https://nigeriapropertycentre.com/for-sale/flats-apartments/lagos/ikoyi/banana-island/3667596-3-bedroom-luxury-apartment-with-bq
new_listing,Banana Island,4,"email you when a new listing matches Flats for Sale in Banana Island, Ikoyi, Lagos. Your email address Get alerts Alert on Manage alerts Premium Plus Top promoted listing 8 photos",,4500000000,,https://nigeriapropertycentre.com/for-sale/flats-apartments/lagos/ikoyi/banana-island/3645658-4-bedroom-penthouse
new_listing,Banana Island,4,"email you when a new listing matches Flats for Sale in Banana Island, Ikoyi, Lagos. Your email address Get alerts Alert on Manage alerts Premium Plus Top promoted listing 8 photos",,4500000000,,https://nigeriapropertycentre.com/for-sale/flats-apartments/lagos/ikoyi/banana-island/3520608-4-bedroom-penthouse
new_listing,Banana Island,,"Land measuring 852sqm strategically located off 3rd Avenue, Banana Island, Ikoyi. Land Size: 852 sqm Title: Federal Certificate of Occupancy Topography: 100% Dry, Table Land Price:",,5000000,,https://nigeriapropertycentre.com/for-sale/land/residential-land/lagos/ikoyi/banana-island/3687367-fantastic-waterfront-plot-852-square-metres
new_listing,Banana Island,,"Premium ₦7,000,000,000 Residential land for sale Residential Land at Shoreline Estate *prime sale*@ Shoreline Estate (Water FRONT) Size: 1,200.799SQM Price: # 7 Bill Title: Lasg co",,7000000000,,https://nigeriapropertycentre.com/for-sale/land/residential-land/lagos/ikoyi/banana-island/3686733-residential-land-at-shoreline-estate
new_listing,Banana Island,,"for this search We'll email you when a new listing matches Residential Land for Sale in Banana Island, Ikoyi, Lagos. Your email address Get alerts Alert on Manage alerts Premium 1",,5000000,,https://nigeriapropertycentre.com/for-sale/land/residential-land/lagos/ikoyi/banana-island/3423115-waterfront-land
new_listing,Banana Island,,"for this search We'll email you when a new listing matches Residential Land for Sale in Banana Island, Ikoyi, Lagos. Your email address Get alerts Alert on Manage alerts Premium 1",,5000000,,https://nigeriapropertycentre.com/for-sale/land/residential-land/lagos/ikoyi/banana-island/3682513-prime-waterfront-residential-land
new_listing,Banana Island,,"for this search We'll email you when a new listing matches Residential Land for Sale in Banana Island, Ikoyi, Lagos. Your email address Get alerts Alert on Manage alerts Premium 1",,5000000,,https://nigeriapropertycentre.com/for-sale/land/residential-land/lagos/ikoyi/banana-island/3681979-1300-sqm-residential-land
new_listing,Banana Island,,"for this search We'll email you when a new listing matches Residential Land for Sale in Banana Island, Ikoyi, Lagos. Your email address Get alerts Alert on Manage alerts Premium 1",,5000000,,https://nigeriapropertycentre.com/for-sale/land/residential-land/lagos/ikoyi/banana-island/3647867-2-prime-plots-of-land
new_listing,Banana Island,,"for this search We'll email you when a new listing matches Residential Land for Sale in Banana Island, Ikoyi, Lagos. Your email address Get alerts Alert on Manage alerts Premium 1",,5000000,,https://nigeriapropertycentre.com/for-sale/land/residential-land/lagos/ikoyi/banana-island/3647864-2-600sqm-residential-waterfront-land
new_listing,Banana Island,,"for this search We'll email you when a new listing matches Residential Land for Sale in Banana Island, Ikoyi, Lagos. Your email address Get alerts Alert on Manage alerts Premium 1",,5000000,,https://nigeriapropertycentre.com/for-sale/land/residential-land/lagos/ikoyi/banana-island/3676631-land
new_listing,Banana Island,,"for this search We'll email you when a new listing matches Residential Land for Sale in Banana Island, Ikoyi, Lagos. Your email address Get alerts Alert on Manage alerts Premium 1",,5000000,,https://nigeriapropertycentre.com/for-sale/land/residential-land/lagos/ikoyi/banana-island/3676685-residential-land
price_change,Banana Island,,"for this search We'll email you when a new listing matches Residential Land for Sale in Banana Island, Ikoyi, Lagos. Your email address Get alerts Alert on Manage alerts Premium 1",7000000000,5000000,-99.9,https://nigeriapropertycentre.com/for-sale/land/residential-land/lagos/ikoyi/banana-island/3390076-waterfront-1200sqm-land
new_listing,Banana Island,,"for this search We'll email you when a new listing matches Residential Land for Sale in Banana Island, Ikoyi, Lagos. Your email address Get alerts Alert on Manage alerts Premium 1",,5000000,,https://nigeriapropertycentre.com/for-sale/land/residential-land/lagos/ikoyi/banana-island/3675061-900sqm-residential-land
new_listing,Banana Island,2,Premium 12,,35000000,,https://nigeriapropertycentre.com/for-rent/flats-apartments/lagos/ikoyi/banana-island/3687516-2-bedroom-waterfront-apartment-with-bq
new_listing,Banana Island,4,Premium 13,,90000000,,https://nigeriapropertycentre.com/for-rent/flats-apartments/lagos/ikoyi/banana-island/3687144-top-notch-and-excellently-finished-4-bed-penthouse-with-a-study-room
new_listing,Banana Island,4,Premium 16,,70000000,,https://nigeriapropertycentre.com/for-rent/flats-apartments/lagos/ikoyi/banana-island/3659508-unique-furnished-luxury-4-bedroom-flat
new_listing,Banana Island,4,Premium 18,,100000000,,https://nigeriapropertycentre.com/for-rent/flats-apartments/lagos/ikoyi/banana-island/3686465-4-bedroom-luxury-penthouse-with-elevator
new_listing,Banana Island,3,Premium 13,,40000000,,https://nigeriapropertycentre.com/for-rent/flats-apartments/lagos/ikoyi/banana-island/3686323-tastefully-built-3-bedroom-apartment-with-bq
new_listing,Banana Island,5,"Premium 1 ₦150,000,000 /yr Flat / apartment for rent 5 Beds Maisonette Penthouse S/direct brief 5bedroom waterview penthouse triplex maisonette + 2BQs for Sale/Rent Location: Mojis",,150000000,,https://nigeriapropertycentre.com/for-rent/flats-apartments/lagos/ikoyi/banana-island/3686189-5-beds-maisonette-penthouse
new_listing,Banana Island,4,Premium 17,,40000000,,https://nigeriapropertycentre.com/for-rent/flats-apartments/lagos/ikoyi/banana-island/3685603-4-bedroom-apartment-in-secured-estate
new_listing,Old Ikoyi,4,"'ll email you when a new listing matches Flats for Sale in Old Ikoyi, Ikoyi, Lagos. Your email address Get alerts Alert on Manage alerts Premium Plus Top promoted listing 18 photos",,2000000000,,https://nigeriapropertycentre.com/for-sale/flats-apartments/lagos/ikoyi/old-ikoyi/3583739-3-bedrooms-apartment
new_listing,Old Ikoyi,4,"'ll email you when a new listing matches Flats for Sale in Old Ikoyi, Ikoyi, Lagos. Your email address Get alerts Alert on Manage alerts Premium Plus Top promoted listing 18 photos",,2000000000,,https://nigeriapropertycentre.com/for-sale/flats-apartments/lagos/ikoyi/old-ikoyi/3584008-3-bedroom-apartment
price_change,Old Ikoyi,4,"'ll email you when a new listing matches Flats for Sale in Old Ikoyi, Ikoyi, Lagos. Your email address Get alerts Alert on Manage alerts Premium Plus Top promoted listing 18 photos",700000000,2000000000,185.7,https://nigeriapropertycentre.com/for-sale/flats-apartments/lagos/ikoyi/old-ikoyi/3566185-luxury-4-bedroom-maisonette-with-maids-room
price_change,Old Ikoyi,4,"'ll email you when a new listing matches Flats for Sale in Old Ikoyi, Ikoyi, Lagos. Your email address Get alerts Alert on Manage alerts Premium Plus Top promoted listing 18 photos",700000000,2000000000,185.7,https://nigeriapropertycentre.com/for-sale/flats-apartments/lagos/ikoyi/old-ikoyi/3569161-luxury-3-bedroom-apartment-with-a-bq
price_change,Old Ikoyi,4,"'ll email you when a new listing matches Flats for Sale in Old Ikoyi, Ikoyi, Lagos. Your email address Get alerts Alert on Manage alerts Premium Plus Top promoted listing 18 photos",700000000,2000000000,185.7,https://nigeriapropertycentre.com/for-sale/flats-apartments/lagos/ikoyi/old-ikoyi/3660856-luxury-5-bedroom-penthouse-with-2-ensuite-boys-quarters
new_listing,Old Ikoyi,4,"Premium 9 $4,000,000 Flat / apartment for sale Newly Built Exquiste 4 Bedroom Apartment Exquisite 4-bedroom luxury apartment a rare opportunity to own a distinguished residence in ",,,,https://nigeriapropertycentre.com/for-sale/flats-apartments/lagos/ikoyi/old-ikoyi/3685978-newly-built-exquiste-4-bedroom-apartment
new_listing,Old Ikoyi,4,"'ll email you when a new listing matches Flats for Sale in Old Ikoyi, Ikoyi, Lagos. Your email address Get alerts Alert on Manage alerts Premium Plus Top promoted listing 18 photos",,2000000000,,https://nigeriapropertycentre.com/for-sale/flats-apartments/lagos/ikoyi/old-ikoyi/3583701-4-bedrooms-maisonette
new_listing,Old Ikoyi,3,Premium 18,,240000000,,https://nigeriapropertycentre.com/for-rent/flats-apartments/lagos/ikoyi/old-ikoyi/3687481-12-units-of-3-bedroom-apartment
new_listing,Old Ikoyi,2,"hin a secure and well-maintained residential development. Property Details 2-Bedroom Apartment + BQ Location: Old Ikoyi, Lagos Size: 211 sqm Rent: $52,000 per annum Service Charge:",,7,,https://nigeriapropertycentre.com/for-rent/flats-apartments/lagos/ikoyi/old-ikoyi/3686916-2-bedroom-apartment-with-boys-quarters
new_listing,Old Ikoyi,4,Premium 25,,80000000,,https://nigeriapropertycentre.com/for-rent/flats-apartments/lagos/ikoyi/old-ikoyi/3686839-4-bedroom-luxury-maisonette
new_listing,Old Ikoyi,3,"oom Apartment, BQ, Pool, Tennis Direct clients preferable Affordable and centrally located 3 bedroom apartment with bq, etc, swimming pool, tennis court, GYM etc in Old Ikoyi Rent:",,30000000,,https://nigeriapropertycentre.com/for-rent/flats-apartments/lagos/ikoyi/old-ikoyi/3686806-affordable-and-centrally-located-3-bedroom-apartment-bq-pool-tennis
new_listing,Old Ikoyi,3,"e'll email you when a new listing matches Flats for Rent in Old Ikoyi, Ikoyi, Lagos. Your email address Get alerts Alert on Manage alerts Premium Plus Top promoted listing 4 photos",,37000000,,https://nigeriapropertycentre.com/for-rent/flats-apartments/lagos/ikoyi/old-ikoyi/3672135-3-bedroom-luxury-waterfront-apartment
price_change,Old Ikoyi,4,"erts for this search We'll email you when a new listing matches Residential Land for Sale in Old Ikoyi, Ikoyi, Lagos. Your email address Get alerts Alert on Manage alerts Premium 1",5000000,2500000,-50.0,https://nigeriapropertycentre.com/for-sale/land/residential-land/lagos/ikoyi/old-ikoyi/3644964-prime-land
new_listing,Old Ikoyi,4,"erts for this search We'll email you when a new listing matches Residential Land for Sale in Old Ikoyi, Ikoyi, Lagos. Your email address Get alerts Alert on Manage alerts Premium 1",,2500000,,https://nigeriapropertycentre.com/for-sale/land/residential-land/lagos/ikoyi/old-ikoyi/3203911-ready-to-build-residential-land-in-a-lovely-location-dealing-with-mandate
new_listing,Old Ikoyi,4,"erts for this search We'll email you when a new listing matches Residential Land for Sale in Old Ikoyi, Ikoyi, Lagos. Your email address Get alerts Alert on Manage alerts Premium 1",,2500000,,https://nigeriapropertycentre.com/for-sale/land/residential-land/lagos/ikoyi/old-ikoyi/3204953-900sqm-ready-to-build-residential-land-direct-to-mandate
price_change,Old Ikoyi,4,"erts for this search We'll email you when a new listing matches Residential Land for Sale in Old Ikoyi, Ikoyi, Lagos. Your email address Get alerts Alert on Manage alerts Premium 1",5000000,2500000,-50.0,https://nigeriapropertycentre.com/for-sale/land/residential-land/lagos/ikoyi/old-ikoyi/3675323-residential-land
price_change,Old Ikoyi,4,"erts for this search We'll email you when a new listing matches Residential Land for Sale in Old Ikoyi, Ikoyi, Lagos. Your email address Get alerts Alert on Manage alerts Premium 1",5000000,2500000,-50.0,https://nigeriapropertycentre.com/for-sale/land/residential-land/lagos/ikoyi/old-ikoyi/3675302-residential-land-with-water-view
price_change,Old Ikoyi,4,"erts for this search We'll email you when a new listing matches Residential Land for Sale in Old Ikoyi, Ikoyi, Lagos. Your email address Get alerts Alert on Manage alerts Premium 1",5000000,2500000,-50.0,https://nigeriapropertycentre.com/for-sale/land/residential-land/lagos/ikoyi/old-ikoyi/3671293-residential-land
price_change,Old Ikoyi,4,"erts for this search We'll email you when a new listing matches Residential Land for Sale in Old Ikoyi, Ikoyi, Lagos. Your email address Get alerts Alert on Manage alerts Premium 1",5000000,2500000,-50.0,https://nigeriapropertycentre.com/for-sale/land/residential-land/lagos/ikoyi/old-ikoyi/3585579-fenced-dry-land-measuring-1400-sqm
price_change,Old Ikoyi,4,"erts for this search We'll email you when a new listing matches Residential Land for Sale in Old Ikoyi, Ikoyi, Lagos. Your email address Get alerts Alert on Manage alerts Premium 1",5000000,2500000,-50.0,https://nigeriapropertycentre.com/for-sale/land/residential-land/lagos/ikoyi/old-ikoyi/3666736-residential-land-with-structure-on-it
price_change,Old Ikoyi,4,"erts for this search We'll email you when a new listing matches Residential Land for Sale in Old Ikoyi, Ikoyi, Lagos. Your email address Get alerts Alert on Manage alerts Premium 1",5000000,2500000,-50.0,https://nigeriapropertycentre.com/for-sale/land/residential-land/lagos/ikoyi/old-ikoyi/3666482-land-with-c-of-o
price_change,Old Ikoyi,4,"erts for this search We'll email you when a new listing matches Residential Land for Sale in Old Ikoyi, Ikoyi, Lagos. Your email address Get alerts Alert on Manage alerts Premium 1",5000000,2500000,-50.0,https://nigeriapropertycentre.com/for-sale/land/residential-land/lagos/ikoyi/old-ikoyi/3647274-prime-4-300sqm-residential-development-land
price_change,Old Ikoyi,4,"erts for this search We'll email you when a new listing matches Residential Land for Sale in Old Ikoyi, Ikoyi, Lagos. Your email address Get alerts Alert on Manage alerts Premium 1",5000000,2500000,-50.0,https://nigeriapropertycentre.com/for-sale/land/residential-land/lagos/ikoyi/old-ikoyi/3631792-residential-land
price_change,Old Ikoyi,4,"erts for this search We'll email you when a new listing matches Residential Land for Sale in Old Ikoyi, Ikoyi, Lagos. Your email address Get alerts Alert on Manage alerts Premium 1",5000000,2500000,-50.0,https://nigeriapropertycentre.com/for-sale/land/residential-land/lagos/ikoyi/old-ikoyi/3612214-residential-land
new_listing,Lekki Phase 1,2,Premium Verified Photos 13,,320000000,,https://nigeriapropertycentre.com/for-sale/flats-apartments/lagos/lekki/lekki-phase-1/3687550-spacious-and-fast-selling-2-bedroom-apartment-with-elevator-and-gym
new_listing,Lekki Phase 1,3,Premium Verified Photos 9,,420000000,,https://nigeriapropertycentre.com/for-sale/flats-apartments/lagos/lekki/lekki-phase-1/3687400-exquisite-3-bedroom-apartment-with-elevator-and-gym
new_listing,Lekki Phase 1,2,Premium Verified Photos 9,,350000000,,https://nigeriapropertycentre.com/for-sale/flats-apartments/lagos/lekki/lekki-phase-1/3687338-exquisite-2-bedroom-apartment-with-elevator-and-gym
new_listing,Lekki Phase 1,2,Premium Verified Photos 9,,400000000,,https://nigeriapropertycentre.com/for-sale/flats-apartments/lagos/lekki/lekki-phase-1/3687270-well-situated-2-bedroom-apartment-with-elevator-and-gym
new_listing,Lekki Phase 1,2,"00,000 Flat / apartment for sale 2 Bedroom Apartment with BQ, Elevator & Swimming Pool For sale 2 Bedroom Apartment with BQ, Elevator & Swimming Pool Location: Lekki Phase 1 Price:",,300000000,,https://nigeriapropertycentre.com/for-sale/flats-apartments/lagos/lekki/lekki-phase-1/3687689-2-bedroom-apartment-with-bq-elevator-swimming-pool
new_listing,Lekki Phase 1,2,"Premium 7 ₦175,000,000 Flat / apartment for sale 2 Bed Waterview Bedroom Flat Well-Built 2-Bedroom Flat in Lekki Phase 1 Lagos Discover this beautifully built 2-bedroom flat situat",,175000000,,https://nigeriapropertycentre.com/for-sale/flats-apartments/lagos/lekki/lekki-phase-1/3687285-2-bed-waterview-bedroom-flat
new_listing,Lekki Phase 1,2,Premium 10,,350000000,,https://nigeriapropertycentre.com/for-sale/flats-apartments/lagos/lekki/lekki-phase-1/3661212-2-bedroom-apartment-with-en-suite-bedrooms-flood-free-environment
new_listing,Lekki Phase 1,3,undromat Pool (in progress) Gym (in progress) Neighborhood Features - No traffic - No flooding - Close to major roads and amenities - Safe at night Title: Governor's Consent Price:,,380000000,,https://nigeriapropertycentre.com/for-sale/flats-apartments/lagos/lekki/lekki-phase-1/3687078-new-3-bedroom-apartment-on-the-ground-floor
new_listing,Lekki Phase 1,3,Premium 17,,400000000,,https://nigeriapropertycentre.com/for-sale/flats-apartments/lagos/lekki/lekki-phase-1/3686855-3-bedroom-apartment
new_listing,Lekki Phase 1,2,Premium 13,,350000000,,https://nigeriapropertycentre.com/for-sale/flats-apartments/lagos/lekki/lekki-phase-1/3686844-2-bedroom-flat-with-elevator
new_listing,Lekki Phase 1,3,Premium 13,,280000000,,https://nigeriapropertycentre.com/for-sale/flats-apartments/lagos/lekki/lekki-phase-1/3686831-luxury-brand-new-3-bedroom-apartments-with-elevator-pool-gym
new_listing,Lekki Phase 1,2,"temporary architecture, refined interiors and exceptional amenities in a prime Lekki Phase 1 location. Location: Lekki Phase 1, Lagos Unfurnished apartments 2-Bedroom Apartment ---",,250000000,,https://nigeriapropertycentre.com/for-sale/flats-apartments/lagos/lekki/lekki-phase-1/3686801-luxury-brand-new-2-bedroom-apartments-with-elevator-pool-gym
price_change,Lekki Phase 1,,"for this search We'll email you when a new listing matches Residential Land for Sale in Lekki Phase 1, Lekki, Lagos. Your email address Get alerts Alert on Manage alerts Premium 4",1650000,1520000000,92021.2,https://nigeriapropertycentre.com/for-sale/land/residential-land/lagos/lekki/lekki-phase-1/3627974-1900sqm-fenced-sandfilled-land-with-governors-consent
new_listing,Lekki Phase 1,,"lue Location Massive Roi Potential Lekki foreshore scheme 1 land. My people, Hot, premium land just dropped---Lekki Foreshore Scheme 1. Strictly for serious investors & developers.",,1200000,,https://nigeriapropertycentre.com/for-sale/land/residential-land/lagos/lekki/lekki-phase-1/3687426-687-sqm-secure-high-value-location-massive-roi-potential
new_listing,Lekki Phase 1,,"Residential Land at Lekki Foreshore Scheme 1 Lekki foreshore scheme 1 land. Hot, premium land just dropped---Lekki Foreshore Scheme 1. Strictly for serious investors & developers.",,1200000000,,https://nigeriapropertycentre.com/for-sale/land/residential-land/lagos/lekki/lekki-phase-1/3687385-1010-sqm-residential-land-at-lekki-foreshore-scheme-1
new_listing,Lekki Phase 1,,"ment to build a beautiful home for your family, where you'll always be looking for to live in, then this land is definitely for you. Location: Off Freedom Way, Lekki Phase 1 Price:",,1200000,,https://nigeriapropertycentre.com/for-sale/land/residential-land/lagos/lekki/lekki-phase-1/3687155-quality-and-strategic-land
new_listing,Lekki Phase 1,,"Premium 5 ₦1,600,000 per sq.m Residential land for sale 15,000SQM Residential Land This is an Island. It's remaining 15,000sqm. Just beside brains and hammer. Opposite Cresendo. It",,1600000,,https://nigeriapropertycentre.com/for-sale/land/residential-land/lagos/lekki/lekki-phase-1/3687059-15000sqm-residential-land
new_listing,Lekki Phase 1,,"Premium 4 ₦1,500,000 per sq.m Residential land for sale 150,000SQM Residential Land Plots Land 600sqm 300pcs total of 180,000sqm plots Land 800sqm 64pcs total of 51,200sqm plots La",,1500000,,https://nigeriapropertycentre.com/for-sale/land/residential-land/lagos/lekki/lekki-phase-1/3687027-150000sqm-residential-land-plots
new_listing,Lekki Phase 1,,"Premium 4 ₦1,500,000 per sq.m Residential land for sale 1000SQM Residential Land Plots Land 800sqm 64pcs total of 51,200sqm plots Land 1000sqm 21pcs total of 21,000sqm plots This i",,1500000,,https://nigeriapropertycentre.com/for-sale/land/residential-land/lagos/lekki/lekki-phase-1/3687021-1000sqm-residential-land-plots
new_listing,Lekki Phase 1,,"Premium 3 ₦1,500,000 per sq.m Residential land for sale 600SQM Residential Land Land 600sqm 300pcs total of 180,000sqm plots This is only residential plot with ground plus 2 Total ",,1500000,,https://nigeriapropertycentre.com/for-sale/land/residential-land/lagos/lekki/lekki-phase-1/3687018-600sqm-residential-land
new_listing,Lekki Phase 1,,"for this search We'll email you when a new listing matches Residential Land for Sale in Lekki Phase 1, Lekki, Lagos. Your email address Get alerts Alert on Manage alerts Premium 4",,1520000000,,https://nigeriapropertycentre.com/for-sale/land/residential-land/lagos/lekki/lekki-phase-1/3678618-serviced-waterfront-residential-land
new_listing,Lekki Phase 1,,"Premium 2 ₦650,000,000 Residential land for sale Luxury Plot of Land Luxury plot of land in a serene and secure estate at Lekki phase 1 for sale Price:₦650m Title: Governors consen",,650000000,,https://nigeriapropertycentre.com/for-sale/land/residential-land/lagos/lekki/lekki-phase-1/3686610-luxury-plot-of-land
new_listing,Lekki Phase 1,,"Premium 1 ₦400,000,000 Residential land for sale 400SQM Land, Lekki Phase 1 For Sale Land size: 400sqm Title: c of o Location: lekki foreshore Price: 400m Lekki Foreshore, Lekki Ph",,400000000,,https://nigeriapropertycentre.com/for-sale/land/residential-land/lagos/lekki/lekki-phase-1/3686252-400sqm-land-lekki-phase-1
new_listing,Lekki Phase 1,,"for this search We'll email you when a new listing matches Residential Land for Sale in Lekki Phase 1, Lekki, Lagos. Your email address Get alerts Alert on Manage alerts Premium 4",,1520000000,,https://nigeriapropertycentre.com/for-sale/land/residential-land/lagos/lekki/lekki-phase-1/2546612-awesome-land-inside-a-wonderful-estate
new_listing,Lekki Phase 1,1,"ss Get alerts Alert on Manage alerts This search gets about 423 new properties a week. Narrow it, or get a weekly summary instead. Premium Plus Top promoted listing 16 photos Video",,7500000,,https://nigeriapropertycentre.com/for-rent/flats-apartments/mini-flats/lagos/lekki/lekki-phase-1/3683720-luxurious-mini-flat-in-a-serene-location
new_listing,Lekki Phase 1,2,"000 /yr Flat / apartment for rent Waterfront 2 Bedroom Apartments Waterfront apartments to let admiralty way, lekki Prime location on Admiralty Way Available Units: - 2 Bedroom ---",,28000000,,https://nigeriapropertycentre.com/for-rent/flats-apartments/lagos/lekki/lekki-phase-1/3687568-waterfront-2-bedroom-apartments
new_listing,Lekki Phase 1,2,Premium 19,,30000000,,https://nigeriapropertycentre.com/for-rent/flats-apartments/lagos/lekki/lekki-phase-1/3687557-2-bedroom-furnished-apartment
new_listing,Lekki Phase 1,1,"flat (room and parlour) for rent Waterfront Mini Flat Apartments Waterfront apartments to let admiralty way, lekki Prime location on Admiralty Way Available Units: - Mini Flat ---",,25000000,,https://nigeriapropertycentre.com/for-rent/flats-apartments/mini-flats/lagos/lekki/lekki-phase-1/3687545-waterfront-mini-flat-apartments
new_listing,Lekki Phase 1,1,"Premium 5 ₦8,500,000 /yr Mini flat (room and parlour) for rent Lovely & Massive 1 Bedroom Apartment with Pool Massive & Standard 1 Bedroom and Parlor (Mini-Flat) Ground Floor With ",,8500000,,https://nigeriapropertycentre.com/for-rent/flats-apartments/mini-flats/lagos/lekki/lekki-phase-1/3687480-lovely-massive-1-bedroom-apartment-with-pool
new_listing,Lekki Phase 1,2,Premium 11,,28000000,,https://nigeriapropertycentre.com/for-rent/flats-apartments/lagos/lekki/lekki-phase-1/3687459-water-front-luxury-2-bedroom-flat
new_listing,Lekki Phase 1,1,",000 /yr Mini flat (room and parlour) for rent 1 Bedroom Mini Flat Penthouse Fully serviced 1 bedroom mini flat ensuite pent house with gen, transformer & pool. Rent: - Unfurnished",,7000000,,https://nigeriapropertycentre.com/for-rent/flats-apartments/mini-flats/lagos/lekki/lekki-phase-1/3687451-1-bedroom-mini-flat-penthouse
new_listing,Lekki Phase 1,1,"Premium 9 ₦7,000,000 /yr Mini flat (room and parlour) for rent Fully Serviced 1 Bedroom Apartment Flat 1 (1 Bedroom) (unfurnished) Rent - 7,000,000 Service charge - 1,701,500 Energ",,7000000,,https://nigeriapropertycentre.com/for-rent/flats-apartments/mini-flats/lagos/lekki/lekki-phase-1/3687357-fully-serviced-1-bedroom-apartment
new_listing,Lekki Phase 1,2,Premium 13,,12000000,,https://nigeriapropertycentre.com/for-rent/flats-apartments/lagos/lekki/lekki-phase-1/3687308-fully-serviced-2-bedroom-apartment
new_listing,Lekki Phase 1,2,Premium 10,,18000000,,https://nigeriapropertycentre.com/for-rent/flats-apartments/lagos/lekki/lekki-phase-1/3661204-furnished-flat-with-pool-and-gym
new_listing,Victoria Island,3,Premium 24,,510000000,,https://nigeriapropertycentre.com/for-rent/flats-apartments/lagos/victoria-island/oniru/3687671-26-unit-apartment-block-8-units-of-3-bedroom-8-units-of-2-bedroom
new_listing,Victoria Island,3,Premium 10,,25000000,,https://nigeriapropertycentre.com/for-rent/flats-apartments/lagos/victoria-island/3687555-exquisitely-built-3-bedroom-flat-with-bq
new_listing,Victoria Island,2,Premium 12,,13000000,,https://nigeriapropertycentre.com/for-rent/flats-apartments/lagos/victoria-island/3687387-2-bedroom-flat
new_listing,Victoria Island,3,Premium 21,,65000000,,https://nigeriapropertycentre.com/for-rent/flats-apartments/lagos/victoria-island/3687381-3-bedroom-furnished-flat
new_listing,Victoria Island,3,Premium 10,,31000000,,https://nigeriapropertycentre.com/for-rent/flats-apartments/lagos/victoria-island/oniru/3687304-2-units-of-3-bedroom-furnished-serviced-apartment
new_listing,Victoria Island,3,Premium 19,,42000000,,https://nigeriapropertycentre.com/for-rent/flats-apartments/lagos/victoria-island/3687249-furnished-3-bedroom-apartment
new_listing,Victoria Island,3,"Premium 9 ₦25,000,000 /yr Flat / apartment for rent 3 Bedroom Apartment with En-Suite Bedrooms with Wardrobes 3 Bedroom Apartment Features: - Spacious living room - En-suite bedroo",,25000000,,https://nigeriapropertycentre.com/for-rent/flats-apartments/lagos/victoria-island/3687224-3-bedroom-apartment-with-en-suite-bedrooms-with-wardrobes
new_listing,Victoria Island,2,Premium 22,,10000000,,https://nigeriapropertycentre.com/for-rent/flats-apartments/lagos/victoria-island/oniru/3687199-2-bedroom-apartment
new_listing,Victoria Island,3,Premium 10,,12000000,,https://nigeriapropertycentre.com/for-rent/flats-apartments/lagos/victoria-island/3687122-spacious-3-bedroom-mansionette
new_listing,Victoria Island,2,Premium 12,,13000000,,https://nigeriapropertycentre.com/for-rent/flats-apartments/lagos/victoria-island/3686869-2-bedroom-flat
new_listing,Victoria Island,3,Premium 16,,20000000,,https://nigeriapropertycentre.com/for-rent/flats-apartments/lagos/victoria-island/3686840-3-bedroom-flat
new_listing,Victoria Island,3,",000 /yr Flat / apartment for rent 3 Bedroom Furnished Apartment with BQ Luxurious Furnished 3 Bedroom Apartment with a BQ available for rent Location: Victoria Island, Lagos Rent:",,50000000,,https://nigeriapropertycentre.com/for-rent/flats-apartments/lagos/victoria-island/3686797-3-bedroom-furnished-apartment-with-bq
new_listing,Victoria Island,1,", this development is designed for discerning homeowners and investors seeking contemporary living in a prime Lagos location. Available Units 1-Bedroom Apartment --- 64--90 sqm ---",,350000000,,https://nigeriapropertycentre.com/for-sale/flats-apartments/lagos/victoria-island/3687662-1-bedroom-apartment
new_listing,Victoria Island,2,"Premium 1 ₦240,000,000 Flat / apartment for sale Executive 2-Bedrooms Apartment. 2 Bedrooms flat in 1004 Estate High Roof. Price -",,240000000,,https://nigeriapropertycentre.com/for-sale/flats-apartments/lagos/victoria-island/3687628-executive-2-bedrooms-apartment
new_listing,Victoria Island,3,Premium 17,,450000000,,https://nigeriapropertycentre.com/for-sale/flats-apartments/lagos/victoria-island/oniru/3687277-3-bedroom-apartment-with-boys-quarters
new_listing,Victoria Island,3,Premium 11,,750000000,,https://nigeriapropertycentre.com/for-sale/flats-apartments/lagos/victoria-island/oniru/3687169-3-bedroom-apartment-with-boys-quarters
new_listing,Victoria Island,3,Premium 19,,180000000,,https://nigeriapropertycentre.com/for-sale/flats-apartments/lagos/victoria-island/3686898-3-bedroom-flat-with-bq
new_listing,Victoria Island,3,Premium 16,,750000000,,https://nigeriapropertycentre.com/for-sale/flats-apartments/lagos/victoria-island/oniru/3686446-spacious-3-bedrooms-luxury-apartment-with-boys-quarters
new_listing,Victoria Island,2,Premium 13,,550000000,,https://nigeriapropertycentre.com/for-sale/flats-apartments/lagos/victoria-island/oniru/3686442-contemporary-2-bedrooms-apartment-with-boys-quarters
new_listing,Victoria Island,2,Premium 14,,350000000,,https://nigeriapropertycentre.com/for-sale/flats-apartments/lagos/victoria-island/oniru/3686398-2-bedroom-modern-apartment
new_listing,Victoria Island,2,Premium 13,,550000000,,https://nigeriapropertycentre.com/for-sale/flats-apartments/lagos/victoria-island/oniru/3686329-luxury-2-bedroom-apartment-with-bq
new_listing,Victoria Island,3,Premium 10,,850000000,,https://nigeriapropertycentre.com/for-sale/flats-apartments/lagos/victoria-island/oniru/3686320-3-bedroom-penthouse
new_listing,Victoria Island,3,Premium 19,,450000000,,https://nigeriapropertycentre.com/for-sale/flats-apartments/lagos/victoria-island/3686304-modern-3-bedroom-apartment-with-amazing-features
new_listing,Victoria Island,,"Premium 1 $2,500 per sq.m Residential land for sale 6,298 SQM Land Property Details Location: Eko Atlantic City, Victoria Island, Lagos Property Type: Land Land Size: 6,298 SQM Pha",,,,https://nigeriapropertycentre.com/for-sale/land/residential-land/lagos/victoria-island/3687186-6298-sqm-land
new_listing,Victoria Island,,"Premium 1 $6,000,000 Residential land for sale 1,500 SQM Land Property Property Details Location: Akin Adesola Street, Victoria Island, Lagos Property Type: Property / Development ",,,,https://nigeriapropertycentre.com/for-sale/land/residential-land/lagos/victoria-island/3687147-1500-sqm-land-property
new_listing,Victoria Island,,"Premium 1 ₦2,200,000,000 Residential land for sale 700 SQM Land Property Details Location: Oko-Awo Street, Victoria Island, Lagos Property Type: Land Land Size: 700 SQM Price:",,2200000000,,https://nigeriapropertycentre.com/for-sale/land/residential-land/lagos/victoria-island/3687102-700-sqm-land
new_listing,Victoria Island,,"Premium 2 ₦650,000,000 Residential land for sale Residential Land Property for sale in transit village off adetokunbo ademola Victoria island Lagos. Land size: 200 square meter Tit",,650000000,,https://nigeriapropertycentre.com/for-sale/land/residential-land/lagos/victoria-island/3687022-residential-land
new_listing,Victoria Island,3,"ospective buyer before making an offer or completing a transaction. Akin Adesola Street, Victoria Island, Lagos, Victoria Island (VI), Lagos Added today Zahari Properties Premium 1",,2200000000,,https://nigeriapropertycentre.com/for-sale/land/residential-land/lagos/victoria-island/3684957-residential-land-measuring-1470sqm-with-structure
new_listing,Victoria Island,3,"ospective buyer before making an offer or completing a transaction. Akin Adesola Street, Victoria Island, Lagos, Victoria Island (VI), Lagos Added today Zahari Properties Premium 1",,2200000000,,https://nigeriapropertycentre.com/for-sale/land/residential-land/lagos/victoria-island/3682502-corner-piece-residential-land
new_listing,Victoria Island,3,"ospective buyer before making an offer or completing a transaction. Akin Adesola Street, Victoria Island, Lagos, Victoria Island (VI), Lagos Added today Zahari Properties Premium 1",,2200000000,,https://nigeriapropertycentre.com/for-sale/land/residential-land/lagos/victoria-island/3680647-700-sqm-land
new_listing,Victoria Island,3,"ospective buyer before making an offer or completing a transaction. Akin Adesola Street, Victoria Island, Lagos, Victoria Island (VI), Lagos Added today Zahari Properties Premium 1",,2200000000,,https://nigeriapropertycentre.com/for-sale/land/residential-land/lagos/victoria-island/3680515-34000-sqm-residential-land
new_listing,Victoria Island,3,"ospective buyer before making an offer or completing a transaction. Akin Adesola Street, Victoria Island, Lagos, Victoria Island (VI), Lagos Added today Zahari Properties Premium 1",,2200000000,,https://nigeriapropertycentre.com/for-sale/land/residential-land/lagos/victoria-island/3679112-1400-and-300-sqm-land
new_listing,Victoria Island,3,"ospective buyer before making an offer or completing a transaction. Akin Adesola Street, Victoria Island, Lagos, Victoria Island (VI), Lagos Added today Zahari Properties Premium 1",,2200000000,,https://nigeriapropertycentre.com/for-sale/land/residential-land/lagos/victoria-island/3678605-288501-sqm-mixed-use-land-in-a-prime-location
new_listing,Victoria Island,3,"ospective buyer before making an offer or completing a transaction. Akin Adesola Street, Victoria Island, Lagos, Victoria Island (VI), Lagos Added today Zahari Properties Premium 1",,2200000000,,https://nigeriapropertycentre.com/for-sale/land/residential-land/lagos/victoria-island/3678419-residential-land
price_change,Victoria Island,3,"ospective buyer before making an offer or completing a transaction. Akin Adesola Street, Victoria Island, Lagos, Victoria Island (VI), Lagos Added today Zahari Properties Premium 1",3100000000,2200000000,-29.0,https://nigeriapropertycentre.com/for-sale/land/residential-land/lagos/victoria-island/3675698-land
new_listing,Asokoro,3,ble at Asokoro for Sale. - Fully Furnished - 3 Bedroom ensuite - 1 Room Bq - Gate house - Fitted kitchen - Solar System - Elevator - Children play area - Ample parking space Price:,,600000000,,https://nigeriapropertycentre.com/for-sale/flats-apartments/abuja/asokoro-district/3686256-newly-built-3-bedroom-furnished-flat-with-bq
new_listing,Asokoro,2,"Premium 3 ₦30,000,000 /yr Flat / apartment for rent Well Furnished and Serviced 2 Bedroom Apartment with a BQ Well Furnished and serviced 2 bedroom apartment with Bq in a serene ne",,30000000,,https://nigeriapropertycentre.com/for-rent/flats-apartments/abuja/asokoro-district/3687658-well-furnished-and-serviced-2-bedroom-apartment-with-a-bq
new_listing,Asokoro,2,"u'll get alerts for this search We'll email you when a new listing matches Flats for Rent in Asokoro District, Abuja. Your email address Get alerts Alert on Manage alerts Premium 3",,30000000,,https://nigeriapropertycentre.com/for-rent/flats-apartments/self-contained/abuja/asokoro-district/3613455-neat-self-contain-apartment
new_listing,Asokoro,4,"erts for this search We'll email you when a new listing matches Residential Land for Sale in Asokoro District, Abuja. Your email address Get alerts Alert on Manage alerts Premium 9",,198750000,,https://nigeriapropertycentre.com/for-sale/land/residential-land/abuja/asokoro-district/3683214-residential-land
new_listing,Asokoro,4,"erts for this search We'll email you when a new listing matches Residential Land for Sale in Asokoro District, Abuja. Your email address Get alerts Alert on Manage alerts Premium 9",,198750000,,https://nigeriapropertycentre.com/for-sale/land/residential-land/abuja/asokoro-district/3683007-residential-land-plot
new_listing,Asokoro,4,"erts for this search We'll email you when a new listing matches Residential Land for Sale in Asokoro District, Abuja. Your email address Get alerts Alert on Manage alerts Premium 9",,198750000,,https://nigeriapropertycentre.com/for-sale/land/residential-land/abuja/asokoro-district/3682541-residential-land
new_listing,Asokoro,4,"erts for this search We'll email you when a new listing matches Residential Land for Sale in Asokoro District, Abuja. Your email address Get alerts Alert on Manage alerts Premium 9",,198750000,,https://nigeriapropertycentre.com/for-sale/land/residential-land/abuja/asokoro-district/3681254-ultra-prime-1500sqm-land
new_listing,Asokoro,4,"erts for this search We'll email you when a new listing matches Residential Land for Sale in Asokoro District, Abuja. Your email address Get alerts Alert on Manage alerts Premium 9",,198750000,,https://nigeriapropertycentre.com/for-sale/land/residential-land/abuja/asokoro-district/3674605-residential-land
new_listing,Asokoro,4,"erts for this search We'll email you when a new listing matches Residential Land for Sale in Asokoro District, Abuja. Your email address Get alerts Alert on Manage alerts Premium 9",,198750000,,https://nigeriapropertycentre.com/for-sale/land/residential-land/abuja/asokoro-district/3621114-residential-land
price_change,Asokoro,4,"erts for this search We'll email you when a new listing matches Residential Land for Sale in Asokoro District, Abuja. Your email address Get alerts Alert on Manage alerts Premium 9",35000000,198750000,467.9,https://nigeriapropertycentre.com/for-sale/land/residential-land/abuja/asokoro-district/3674110-residential-land
price_change,Asokoro,4,"erts for this search We'll email you when a new listing matches Residential Land for Sale in Asokoro District, Abuja. Your email address Get alerts Alert on Manage alerts Premium 9",60000000,198750000,231.2,https://nigeriapropertycentre.com/for-sale/land/residential-land/abuja/asokoro-district/3668241-residential-land-plot
price_change,Asokoro,4,"erts for this search We'll email you when a new listing matches Residential Land for Sale in Asokoro District, Abuja. Your email address Get alerts Alert on Manage alerts Premium 9",60000000,198750000,231.2,https://nigeriapropertycentre.com/for-sale/land/residential-land/abuja/asokoro-district/3588990-residential-estate-plot
price_change,Asokoro,4,"erts for this search We'll email you when a new listing matches Residential Land for Sale in Asokoro District, Abuja. Your email address Get alerts Alert on Manage alerts Premium 9",60000000,198750000,231.2,https://nigeriapropertycentre.com/for-sale/land/residential-land/abuja/asokoro-district/3602027-residential-land
price_change,Asokoro,4,"erts for this search We'll email you when a new listing matches Residential Land for Sale in Asokoro District, Abuja. Your email address Get alerts Alert on Manage alerts Premium 9",60000000,198750000,231.2,https://nigeriapropertycentre.com/for-sale/land/residential-land/abuja/asokoro-district/3574102-vacant-land-measuring-1-052sqm
price_change,Asokoro,4,"erts for this search We'll email you when a new listing matches Residential Land for Sale in Asokoro District, Abuja. Your email address Get alerts Alert on Manage alerts Premium 9",60000000,198750000,231.2,https://nigeriapropertycentre.com/for-sale/land/residential-land/abuja/asokoro-district/3647812-residential-land
new_listing,Maitama,3,ent - 24-hour power supply - Swimming pool - Fully equipped gym - Premium DSTV subscription - Weekly in-house cleaning - Weekly changing of beddings - Service charge included Rent:,,40000000,,https://nigeriapropertycentre.com/for-rent/flats-apartments/abuja/maitama-district/3687396-luxurious-and-spacious-3-bedroom-apartment
new_listing,Maitama,2,"Premium 8 ₦8,000,000 /yr Flat / apartment for rent 2 Bedroom Serviced Flat Serviced 2 bedrooms flats within an estate in Maitama. Rent is 8M per annum. Service charge 3M per annum.",,8000000,,https://nigeriapropertycentre.com/for-rent/flats-apartments/abuja/maitama-district/3686458-2-bedroom-serviced-flat
new_listing,Maitama,3,Premium 9 Video,,45000000,,https://nigeriapropertycentre.com/for-rent/flats-apartments/abuja/maitama-district/3685887-luxurious-fully-furnished-3-bedroom-apartment
new_listing,Maitama,3,"Premium 8 ₦10,000,000 /yr Flat / apartment for rent Spacious 3 Bedroom Flat ️rent: Blocks of flat ️location: Maitama ️price:",,10000000,,https://nigeriapropertycentre.com/for-rent/flats-apartments/abuja/maitama-district/3685675-spacious-3-bedroom-flat
new_listing,Maitama,3,"u'll get alerts for this search We'll email you when a new listing matches Flats for Rent in Maitama District, Abuja. Your email address Get alerts Alert on Manage alerts Premium 9",,40000000,,https://nigeriapropertycentre.com/for-rent/flats-apartments/abuja/maitama-district/3678705-3-bedroom-luxury-furnished-apartment
new_listing,Maitama,3,"u'll get alerts for this search We'll email you when a new listing matches Flats for Rent in Maitama District, Abuja. Your email address Get alerts Alert on Manage alerts Premium 9",,40000000,,https://nigeriapropertycentre.com/for-rent/flats-apartments/abuja/maitama-district/3443767-luxury-smart-serviced-2-bedroom-apartment-with-bq
new_listing,Maitama,5,"erts for this search We'll email you when a new listing matches Residential Land for Sale in Maitama District, Abuja. Your email address Get alerts Alert on Manage alerts Premium 2",,1600000000,,https://nigeriapropertycentre.com/for-sale/land/residential-land/abuja/maitama-district/3685330-1000-square-metre-residential-land
new_listing,Maitama,5,"erts for this search We'll email you when a new listing matches Residential Land for Sale in Maitama District, Abuja. Your email address Get alerts Alert on Manage alerts Premium 2",,1600000000,,https://nigeriapropertycentre.com/for-sale/land/residential-land/abuja/maitama-district/maitama-2/3684316-flat-land
new_listing,Maitama,5,"erts for this search We'll email you when a new listing matches Residential Land for Sale in Maitama District, Abuja. Your email address Get alerts Alert on Manage alerts Premium 2",,1600000000,,https://nigeriapropertycentre.com/for-sale/land/residential-land/abuja/maitama-district/3655663-1000sqm-residential-land
new_listing,Maitama,5,"erts for this search We'll email you when a new listing matches Residential Land for Sale in Maitama District, Abuja. Your email address Get alerts Alert on Manage alerts Premium 2",,1600000000,,https://nigeriapropertycentre.com/for-sale/land/residential-land/abuja/maitama-district/3443727-residential-estate-land
new_listing,Maitama,5,"erts for this search We'll email you when a new listing matches Residential Land for Sale in Maitama District, Abuja. Your email address Get alerts Alert on Manage alerts Premium 2",,1600000000,,https://nigeriapropertycentre.com/for-sale/land/residential-land/abuja/maitama-district/maitama-2/2851905-residential-land
price_change,Maitama,5,"erts for this search We'll email you when a new listing matches Residential Land for Sale in Maitama District, Abuja. Your email address Get alerts Alert on Manage alerts Premium 2",2000000000,1600000000,-20.0,https://nigeriapropertycentre.com/for-sale/land/residential-land/abuja/maitama-district/3673787-residential-land
price_change,Maitama,5,"erts for this search We'll email you when a new listing matches Residential Land for Sale in Maitama District, Abuja. Your email address Get alerts Alert on Manage alerts Premium 2",20000000,1600000000,7900.0,https://nigeriapropertycentre.com/for-sale/land/residential-land/abuja/maitama-district/3673562-distress-1400sqm-residential-land
price_change,Maitama,5,"erts for this search We'll email you when a new listing matches Residential Land for Sale in Maitama District, Abuja. Your email address Get alerts Alert on Manage alerts Premium 2",20000000,1600000000,7900.0,https://nigeriapropertycentre.com/for-sale/land/residential-land/abuja/maitama-district/3671034-residential-land-plot
price_change,Maitama,5,"erts for this search We'll email you when a new listing matches Residential Land for Sale in Maitama District, Abuja. Your email address Get alerts Alert on Manage alerts Premium 2",20000000,1600000000,7900.0,https://nigeriapropertycentre.com/for-sale/land/residential-land/abuja/maitama-district/3671033-residential-land
price_change,Maitama,5,"erts for this search We'll email you when a new listing matches Residential Land for Sale in Maitama District, Abuja. Your email address Get alerts Alert on Manage alerts Premium 2",20000000,1600000000,7900.0,https://nigeriapropertycentre.com/for-sale/land/residential-land/abuja/maitama-district/3668037-1000sqm-residential-land
price_change,Maitama,5,"erts for this search We'll email you when a new listing matches Residential Land for Sale in Maitama District, Abuja. Your email address Get alerts Alert on Manage alerts Premium 2",20000000,1600000000,7900.0,https://nigeriapropertycentre.com/for-sale/land/residential-land/abuja/maitama-district/3667357-1053sqm-residential-land
price_change,Maitama,5,"erts for this search We'll email you when a new listing matches Residential Land for Sale in Maitama District, Abuja. Your email address Get alerts Alert on Manage alerts Premium 2",20000000,1600000000,7900.0,https://nigeriapropertycentre.com/for-sale/land/residential-land/abuja/maitama-district/3667083-980sqm-of-a-residential-land
price_change,Wuse,3,"is search You'll get alerts for this search We'll email you when a new listing matches Flats for Sale in Wuse, Abuja. Your email address Get alerts Alert on Manage alerts Premium 9",135000000,120000000,-11.1,https://nigeriapropertycentre.com/for-sale/flats-apartments/self-contained/abuja/wuse/zone-5/3026264-strategically-located-functional-40-units-of-studio-apartments
price_change,Wuse,3,"is search You'll get alerts for this search We'll email you when a new listing matches Flats for Sale in Wuse, Abuja. Your email address Get alerts Alert on Manage alerts Premium 9",135000000,120000000,-11.1,https://nigeriapropertycentre.com/for-sale/flats-apartments/abuja/wuse/zone-3/3586093-16-units-residential-block-of-flats
delisted,Banana Island,3,2 Units Of This Unfurnished 3bed Apartment Banana Island Ikoyi Lagos 2 Units Of This Unfurnished 3bed Apartment / Flat Apartment FOR Rent,35000000,,,https://propertypro.ng/agent/andrey-micheal-akaiso
delisted,Old Ikoyi,3,3 Bedroom Maisonette Glover Rd Old Ikoyi Ikoyi Lagos 3 Bedroom Maisonette / Flat Apartment FOR Sale,700000000,,,https://propertypro.ng/property/3-bedroom-flat-apartment-for-sale-glover-rd-old-ikoyi-ikoyi-lagos-6PYPP
delisted,Old Ikoyi,4,4 Bedroom Newly Built Apartment Off Glover Old Ikoyi Ikoyi Lagos 4 Bedroom Newly Built Apartment / Flat Apartment FOR Sale,800000000,,,https://propertypro.ng/property/4-bedroom-flat-apartment-for-sale-off-glover-old-ikoyi-ikoyi-lagos-1QBZM
delisted,Old Ikoyi,,2700sqm Land Lugard Old Ikoyi Ikoyi Lagos 2700sqm Land / Land FOR Sale,3700000,,,https://propertypro.ng/property/land-for-sale-lugard-old-ikoyi-ikoyi-lagos-0PKKN
delisted,Old Ikoyi,,"1200sqm Waterfront Land Shoreline Estate, Old Ikoyi Ikoyi Lagos 1200sqm Waterfront Land / Land FOR Sale",5500000000,,,https://propertypro.ng/property/land-for-sale-shoreline-estate-old-ikoyi-ikoyi-lagos-0PHKE
delisted,Old Ikoyi,,"5000sqm Land Ikoyi Cresent, Old Ikoyi Ikoyi Lagos 5000sqm Land / Land FOR Sale",4000000,,,https://propertypro.ng/property/land-for-sale-ikoyi-cresent-old-ikoyi-ikoyi-lagos-4PKKP
delisted,Old Ikoyi,,"15000sqm Land Ikoyi Crescent ,off Alfred Rewane Road, Old Ikoyi Ikoyi Lagos 15000sqm Land / Land FOR Sale",4000000,,,https://propertypro.ng/property/land-for-sale-ikoyi-crescent-off-alfred-rewane-road-old-ikoyi-ikoyi-lagos-4PKKM
delisted,Lekki Phase 1,1,Furnished 1bedroom Apartment Lekki Phase 1 Lekki Lagos Furnished 1bedroom Apartment / Flat Apartment FOR Rent,8500000,,,https://propertypro.ng/agent/faith-theo-enterprise
delisted,Lekki Phase 1,2,Luxury 2 Bedroom Apartment Lekki Phase 1 Lekki Lagos Luxury 2 Bedroom Apartment / Flat Apartment FOR Rent,20000000,,,https://propertypro.ng/agent/barbsconsult-homes-and-properties
delisted,Victoria Island,1,Fully Serviced 1 Bedroom Victoria Island Lagos Fully Serviced 1 Bedroom / Flat Apartment FOR Rent,12000000,,,https://propertypro.ng/agent/john-boris-ogom1
delisted,Lekki Phase 1,4,4 Bedroom Terrace Duplex With Bq Lekki Phase 1 Lekki Lagos 4 Bedroom Terrace Duplex With Bq / House FOR SALE,350000000,,,https://propertypro.ng/agent/beth-iros
delisted,Lekki Phase 1,3,Prime 8 Units Of 3 Bedroom Flats + 1 Room Bq Each Lekki Phase 1 Lekki Lagos Prime 8 Units Of 3 Bedroom Flats + 1 Room Bq Each / Land FOR Sale,3700000000,,,https://propertypro.ng/property/3-bedroom-land-for-sale-lekki-phase-1-lekki-lagos-5QBTY
delisted,Victoria Island,5,5 Bedroom Detached Duplex With Swimming Pool For Sale Chevron Toll Gate Lekki Lagos 5 Bedroom Detached Duplex With Swimming Pool For Sale / House FOR SALE,450000000,,,https://propertypro.ng/agent/solomon-ifreke-edet
delisted,Victoria Island,3,"3 Bedroom Service Pentfloor Apartment Palace Road, Oniru Estate Oniru Victoria Island Lagos 3 Bedroom Service Pentfloor Apartment / Flat Apartment FOR Rent",20000000,,,https://propertypro.ng/agent/yosher-realtors
delisted,Maitama,2,Self Serviced 2 Bedroom Apartment Freedom Way Lekki Lagos Self Serviced 2 Bedroom Apartment / House FOR SHORTLET,840000,,,https://propertypro.ng/agent/angel-mercy
delisted,Victoria Island,2,2 Bedroom Penthouse Apartment Victoria Island Lagos 2 Bedroom Penthouse Apartment / Flat Apartment FOR Rent,20000000,,,https://propertypro.ng/agent/landlord-hero1
delisted,Victoria Island,,8000sqm Waterfront Land Victoria Island Extension Victoria Island Lagos 8000sqm Waterfront Land / Land FOR Sale,3600000,,,https://propertypro.ng/agent/yusuf-ademola-conigltd
delisted,Victoria Island,,"Prime Land Measuring 1,785, 1,890 & 1,997 Sqms Eko Atlantic City Victoria Island Lagos Prime Land Measuring 1,785, 1,890 & 1,997 Sqms / Land FOR Sale $ 2,000 PID : 0QCFV Water Trea",,,,https://propertypro.ng/property/land-for-sale-eko-atlantic-city-victoria-island-lagos-0QCFV
delisted,Ikeja GRA,3,Newly Built 3 Bedroom Flat With Bq Ikeja Gra Ikeja Lagos Newly Built 3 Bedroom Flat With Bq / Flat Apartment FOR Sale,450000000,,,https://propertypro.ng/agent/seeded-home-realtors-limited
delisted,Ikeja GRA,3,Newly Built 3 Bedroom Apartment Ikeja Gra Ikeja Lagos Newly Built 3 Bedroom Apartment / Flat Apartment FOR Sale,400000000,,,https://propertypro.ng/agent/titilayomi-comfort
delisted,Ikeja GRA,3,3 Bedroom Apartments With Elevator &cctv In Gra Lkeja Ikeja Gra Ikeja Gra Ikeja Lagos 3 Bedroom Apartments With Elevator &cctv In Gra Lkeja / Flat Apartment FOR Sale,400000000,,,https://propertypro.ng/property/3-bedroom-flat-apartment-for-sale-ikeja-gra-ikeja-gra-ikeja-lagos-3QCAT
delisted,Ikeja GRA,3,3 Bedroom Flat With Bq Ikeja Gra Ikeja Lagos 3 Bedroom Flat With Bq / Flat Apartment FOR Sale,420000000,,,https://propertypro.ng/agent/ayodele-odunuga-company1
delisted,Ikeja GRA,3,Luxury 3 Bedroom Flat With Swimming Pool N Gym Ikeja Gra Ikeja Lagos Luxury 3 Bedroom Flat With Swimming Pool N Gym / Flat Apartment FOR Rent,35000000,,,https://propertypro.ng/agent/peec-real-estate-consult
delisted,Ikeja GRA,,Land Ikeja Gra Ikeja Lagos Land / Land FOR Sale,8500000000,,,https://propertypro.ng/agent/ojo-adebiyi
delisted,Asokoro,1,1 Bedroom Flat Naf Valley Estate Asokoro Abuja 1 Bedroom Flat / Flat Apartment FOR Rent,4000000,,,https://propertypro.ng/agent/oputa-jay-apartments
delisted,Asokoro,3,3bedroom Apartments For Sale! Guzape Abuja 3bedroom Apartments For Sale! / Flat / Apartment FOR SALE,350000000,,,https://propertypro.ng/agent/shalom-ezekiel
delisted,Asokoro,1,Furnished 1 Bedroom Flat Asokoro District By Ecowas Asokoro Abuja Furnished 1 Bedroom Flat / Flat Apartment FOR Rent,8000000,,,https://propertypro.ng/property/1-bedroom-flat-apartment-for-rent-asokoro-district-by-ecowas-asokoro-abuja-9QBHW
delisted,Maitama,2,Self Serviced 2 Bedroom Apartment Freedom Way Lekki Lagos Self Serviced 2 Bedroom Apartment / House FOR SHORTLET,840000,,,https://propertypro.ng/property-for-shortlet/is-furnished
delisted,Maitama,2,Self Serviced 2 Bedroom Apartment Freedom Way Lekki Lagos Self Serviced 2 Bedroom Apartment / House FOR SHORTLET,840000,,,https://propertypro.ng/property-for-shortlet/is-serviced
delisted,Maitama,3,3 Bedroom Apartment Maitama Abuja 3 Bedroom Apartment / Flat Apartment FOR Sale,350000000,,,https://propertypro.ng/agent/olayinka-sobambi1
delisted,Maitama,4,"Premium 4 Bedroom Flat Nile Street, Maitama Abuja Maitama Abuja Premium 4 Bedroom Flat / Flat Apartment FOR Rent",60000000,,,https://propertypro.ng/property/4-bedroom-flat-apartment-for-rent-nile-street-maitama-abuja-maitama-abuja-8QBAR
delisted,Maitama,,Land Measuring 1600sqm Maitama Abuja Land Measuring 1600sqm / Land FOR Sale,3800000000,,,https://propertypro.ng/property/land-for-sale-maitama-abuja-1PRYX
delisted,Maitama,,33 Acres Of Land Free Trade Zone Ibeju Lekki Lagos 33 Acres Of Land / Land FOR SALE,30000000,,,https://propertypro.ng/agent/ngbeken-dennis
delisted,Banana Island,3,Premium 22,1200000000,,,https://nigeriapropertycentre.com/for-sale/flats-apartments/lagos/ikoyi/banana-island/3675383-luxury-3-bedroom-furnished-apartment-with-pool
delisted,Banana Island,4,1–21 of 524 properties for sale Sort: Default Default Most recent Highest price Lowest price Verification status Premium Plus Top promoted listing 20 photos Video,1200000000,,,https://nigeriapropertycentre.com/for-sale/flats-apartments/lagos/ikoyi/banana-island/3656228-super-spacious-and-luxury-3-bedroom-apartment-with-ensuite-bq
delisted,Banana Island,4,1–21 of 524 properties for sale Sort: Default Default Most recent Highest price Lowest price Verification status Premium Plus Top promoted listing 20 photos Video,1200000000,,,https://nigeriapropertycentre.com/for-sale/flats-apartments/lagos/ikoyi/banana-island/3649653-4-bedroom-luxury-high-rise-residence
delisted,Banana Island,4,1–21 of 524 properties for sale Sort: Default Default Most recent Highest price Lowest price Verification status Premium Plus Top promoted listing 20 photos Video,1200000000,,,https://nigeriapropertycentre.com/for-sale/flats-apartments/lagos/ikoyi/banana-island/3649987-3-bedroom-apartment
delisted,Banana Island,3,Premium Plus Top promoted listing 20 photos,40000000,,,https://nigeriapropertycentre.com/for-rent/flats-apartments/lagos/ikoyi/banana-island/3388573-luxury-3-bedroom-fully-furnished-flat-with-excellent-facility
delisted,Banana Island,3,"/ apartment for rent 3 Bedroom Semi Furnished Apartment For rent Semi Furnished 3 Bedroom Apartment with Elevator + Swimming Pool + Gym Location: Banana Island, Ikoyi, Lagos Rent:",35000000,,,https://nigeriapropertycentre.com/for-rent/flats-apartments/lagos/ikoyi/banana-island/3676523-3-bedroom-semi-furnished-apartment
delisted,Banana Island,3,Premium 25,35000000,,,https://nigeriapropertycentre.com/for-rent/flats-apartments/lagos/ikoyi/banana-island/3675750-3-bedroom-apartment-with-elevator
delisted,Banana Island,3,Premium 11,55000000,,,https://nigeriapropertycentre.com/for-rent/flats-apartments/lagos/ikoyi/banana-island/3675668-furnished-3-bedroom-apartment-with-bq
delisted,Banana Island,4,"Apartment, BQ, Pool, Jetty, Squash, Etc Direct clients preferable Premium 4 bedroom apartment with bq, gym, swimming pool, kids play area, squash etc in Parkview Estate Ikoyi Rent:",55000000,,,https://nigeriapropertycentre.com/for-rent/flats-apartments/lagos/ikoyi/banana-island/3675259-premium-4-bedroom-apartment-bq-pool-jetty-squash-etc
delisted,Banana Island,2,"Premium 5 ₦25,000,000 /yr Flat / apartment for rent 2 Bedroom Self-Serviced Apartment with BQ Selfserviced 2bedroom apartment with a bq in banana island for rent. Solar/inverter/ge",25000000,,,https://nigeriapropertycentre.com/for-rent/flats-apartments/lagos/ikoyi/banana-island/3675258-2-bedroom-self-serviced-apartment-with-bq
delisted,Banana Island,3,rs (BQ) Fully Fitted Kitchen Private Balconies Elevator Swimming Pool Fully Equipped Gym House 24/7 Power Supply Serene & Secure Residential Environment Rental Details Annual Rent:,40000000,,,https://nigeriapropertycentre.com/for-rent/flats-apartments/lagos/ikoyi/banana-island/3674648-3-bedroom-apartment-bq
delisted,Banana Island,,"Premium 1 ₦4,800,000,000 Residential land for sale 900SQM of Land Jord 102 Close, Banana Island, Ikoyi, Lagos Added yesterday Crown Property Global Consultant",4800000000,,,https://nigeriapropertycentre.com/for-sale/land/residential-land/lagos/ikoyi/banana-island/3675061-900sqm-of-land
delisted,Banana Island,,"or sale 2,594SQM Waterfront Land Deals on deals banana island banana island waterfront.* Location: Banana Island, Ikoyi, Lagos Land Size: 2,594 sqm Title: Lagos State C of O Price:",4800000,,,https://nigeriapropertycentre.com/for-sale/land/residential-land/lagos/ikoyi/banana-island/3674206-2594sqm-waterfront-land
delisted,Banana Island,,1–20 of 189 properties for sale Sort: Default Default Most recent Highest price Lowest price Verification status Premium 1,7000000000,,,https://nigeriapropertycentre.com/for-sale/land/residential-land/lagos/ikoyi/banana-island/3673322-waterfront-land
delisted,Banana Island,,1–20 of 189 properties for sale Sort: Default Default Most recent Highest price Lowest price Verification status Premium 1,7000000000,,,https://nigeriapropertycentre.com/for-sale/land/residential-land/lagos/ikoyi/banana-island/3671718-waterfront-residential-land
delisted,Banana Island,,1–20 of 189 properties for sale Sort: Default Default Most recent Highest price Lowest price Verification status Premium 1,7000000000,,,https://nigeriapropertycentre.com/for-sale/land/residential-land/lagos/ikoyi/banana-island/3625362-premium-500-sqm-land-in-a-close-in-an-estate
delisted,Banana Island,,1–20 of 189 properties for sale Sort: Default Default Most recent Highest price Lowest price Verification status Premium 1,7000000000,,,https://nigeriapropertycentre.com/for-sale/land/residential-land/lagos/ikoyi/banana-island/3670995-prime-1200sqm-land
delisted,Banana Island,,1–20 of 189 properties for sale Sort: Default Default Most recent Highest price Lowest price Verification status Premium 1,7000000000,,,https://nigeriapropertycentre.com/for-sale/land/residential-land/lagos/ikoyi/banana-island/3670891-waterfront-residential-land
delisted,Banana Island,,1–20 of 189 properties for sale Sort: Default Default Most recent Highest price Lowest price Verification status Premium 1,7000000000,,,https://nigeriapropertycentre.com/for-sale/land/residential-land/lagos/ikoyi/banana-island/3670887-1000-sqm-residential-land
delisted,Banana Island,,1–20 of 189 properties for sale Sort: Default Default Most recent Highest price Lowest price Verification status Premium 1,7000000000,,,https://nigeriapropertycentre.com/for-sale/land/residential-land/lagos/ikoyi/banana-island/2935360-water-front-land-measuring-2200-sqm
delisted,Banana Island,,1–20 of 189 properties for sale Sort: Default Default Most recent Highest price Lowest price Verification status Premium 1,7000000000,,,https://nigeriapropertycentre.com/for-sale/land/residential-land/lagos/ikoyi/banana-island/3663467-verified-3403sqm-waterfront-plot
delisted,Old Ikoyi,4,1–21 of 570 properties for sale Sort: Default Default Most recent Highest price Lowest price Verification status Premium Plus Top promoted listing 7 photos,700000000,,,https://nigeriapropertycentre.com/for-sale/flats-apartments/lagos/ikoyi/old-ikoyi/3676349-super-luxury-4-beds-maisonette-with-bq
delisted,Old Ikoyi,3,"Premium 18 $1,100,000 Flat / apartment for sale Luxury 3-Bedroom Apartment + Gym, Elevator, Concierge, Pool 3-Bedroom Apartment - Old Ikoyi - From $1.1M For Investment: Luxury 3-be",,,,https://nigeriapropertycentre.com/for-sale/flats-apartments/lagos/ikoyi/old-ikoyi/3675803-luxury-3-bedroom-apartment-gym-elevator-concierge-pool
delisted,Old Ikoyi,4,1–21 of 570 properties for sale Sort: Default Default Most recent Highest price Lowest price Verification status Premium Plus Top promoted listing 7 photos,700000000,,,https://nigeriapropertycentre.com/for-sale/flats-apartments/lagos/ikoyi/old-ikoyi/3672305-5-bedroom-apartment-bq
delisted,Old Ikoyi,3,Premium 10,1000000000,,,https://nigeriapropertycentre.com/for-sale/flats-apartments/lagos/ikoyi/old-ikoyi/3674952-luxury-3-bedroom-flat
delisted,Old Ikoyi,4,1–21 of 570 properties for sale Sort: Default Default Most recent Highest price Lowest price Verification status Premium Plus Top promoted listing 7 photos,700000000,,,https://nigeriapropertycentre.com/for-sale/flats-apartments/lagos/ikoyi/old-ikoyi/3674884-3-bedroom-apartment-with-bq
delisted,Old Ikoyi,4,1–21 of 570 properties for sale Sort: Default Default Most recent Highest price Lowest price Verification status Premium Plus Top promoted listing 7 photos,700000000,,,https://nigeriapropertycentre.com/for-sale/flats-apartments/lagos/ikoyi/old-ikoyi/3674393-3-bedroom-luxury-apartment
delisted,Old Ikoyi,4,1–21 of 570 properties for sale Sort: Default Default Most recent Highest price Lowest price Verification status Premium Plus Top promoted listing 7 photos,700000000,,,https://nigeriapropertycentre.com/for-sale/flats-apartments/lagos/ikoyi/old-ikoyi/3674307-5-bedroom-maisonette-penthouse
delisted,Old Ikoyi,4,1–21 of 570 properties for sale Sort: Default Default Most recent Highest price Lowest price Verification status Premium Plus Top promoted listing 7 photos,700000000,,,https://nigeriapropertycentre.com/for-sale/flats-apartments/lagos/ikoyi/old-ikoyi/2709628-offplan-iconic-apartments
delisted,Old Ikoyi,4,"rtment for rent Available Oct- Premium & Furnished 4 Bedroom Apartment, Pool and Gym Direct clients preferable Premium furnished 4 apartment, swimming pool, gym, in old Ikoyi Rent:",40000000,,,https://nigeriapropertycentre.com/for-rent/flats-apartments/lagos/ikoyi/old-ikoyi/3676493-available-oct-premium-furnished-4-bedroom-apartment-pool-and-gym
delisted,Old Ikoyi,3,Premium 21,35000000,,,https://nigeriapropertycentre.com/for-rent/flats-apartments/lagos/ikoyi/old-ikoyi/3675708-3-bedroom-apartment-with-boys-quarters
delisted,Old Ikoyi,3,"Premium 9 ₦700,000,000 /yr Flat / apartment for rent Luxury Furnished 3 Bedroom Apartment with BQ For sale 2 Units of luxury furnished 3 bedroom flatbwith bq, fitted kitchen, ensui",700000000,,,https://nigeriapropertycentre.com/for-rent/flats-apartments/lagos/ikoyi/old-ikoyi/3675430-luxury-furnished-3-bedroom-apartment-with-bq
delisted,Old Ikoyi,4,"Premium $100,000 /yr Flat / apartment for rent Newly Built 4 Bedroom Pent House with Servant Quarters Newly built and tastefully 4 bedroom pent house with servant quarters in the h",,,,https://nigeriapropertycentre.com/for-rent/flats-apartments/lagos/ikoyi/old-ikoyi/3675411-newly-built-4-bedroom-pent-house-with-servant-quarters
delisted,Old Ikoyi,3,Premium 10 Video,30000000,,,https://nigeriapropertycentre.com/for-rent/flats-apartments/lagos/ikoyi/old-ikoyi/3675239-3-bedroom-furnished-apartment-with-bq-pool-gym
delisted,Old Ikoyi,4,1–20 of 76 properties for sale Sort: Default Default Most recent Highest price Lowest price Verification status Premium 1,5000000,,,https://nigeriapropertycentre.com/for-sale/land/residential-land/lagos/ikoyi/old-ikoyi/3662517-residential-land
delisted,Old Ikoyi,4,1–20 of 76 properties for sale Sort: Default Default Most recent Highest price Lowest price Verification status Premium 1,5000000,,,https://nigeriapropertycentre.com/for-sale/land/residential-land/lagos/ikoyi/old-ikoyi/3333153-1200sqm-land
delisted,Lekki Phase 1,2,Premium 16,200000000,,,https://nigeriapropertycentre.com/for-sale/flats-apartments/lagos/lekki/lekki-phase-1/3676318-2-bedroom-apartment
delisted,Lekki Phase 1,2,Premium 10,450000000,,,https://nigeriapropertycentre.com/for-sale/flats-apartments/lagos/lekki/lekki-phase-1/3676325-2-bedroom-maisonette-with-swimming-pool
delisted,Lekki Phase 1,3,Premium 15,450000000,,,https://nigeriapropertycentre.com/for-sale/flats-apartments/lagos/lekki/lekki-phase-1/3676259-3-bedroom-apartment-with-bq
delisted,Lekki Phase 1,2,Premium 17,300000000,,,https://nigeriapropertycentre.com/for-sale/flats-apartments/lagos/lekki/lekki-phase-1/3676256-2-bedroom-apartment
delisted,Lekki Phase 1,1,"Premium 4 ₦170,000,000 Mini flat (room and parlour) for sale 1 Bedroom Penthouse For sale 1 bedroom penthouse Price:170m Vid available on request Off Freedom Way Lekki Phase 1, Lek",170000000,,,https://nigeriapropertycentre.com/for-sale/flats-apartments/mini-flats/lagos/lekki/lekki-phase-1/3674993-1-bedroom-penthouse
delisted,Lekki Phase 1,2,Premium 10,270000000,,,https://nigeriapropertycentre.com/for-sale/flats-apartments/lagos/lekki/lekki-phase-1/3676121-2-bedroom-apartment
delisted,Lekki Phase 1,2,Premium 15,250000000,,,https://nigeriapropertycentre.com/for-sale/flats-apartments/lagos/lekki/lekki-phase-1/3675168-2-bedrooms-apartment
delisted,Lekki Phase 1,3,ith quality furnishings Waterfront view Swimming pool Fully equipped gym Private jetty access High-speed elevators Located in a secure and serene estate Rental Details Annual Rent:,35000000,,,https://nigeriapropertycentre.com/for-rent/flats-apartments/lagos/lekki/lekki-phase-1/3618330-3-bedroom-apartment
delisted,Lekki Phase 1,3,"Premium 5 ₦23,000,000 /yr Flat / apartment for rent 3 Bedroom with BQ 3 bedroom with BQ Rent: 23m Service: 2.3m Agency, Legal and Caution: 10% each Off Durosinmi Etti Street, Lekki",23000000,,,https://nigeriapropertycentre.com/for-rent/flats-apartments/lagos/lekki/lekki-phase-1/3676409-3-bedroom-with-bq
delisted,Lekki Phase 1,1,"Premium 7 ₦10,000,000 /yr Flat / apartment for rent 1 Bedroom Furnished Apartment Lovely furnished 1 bedroom apartment in Lekki phase 1. Rent: 10m Service charge 1.5m Agency legal ",10000000,,,https://nigeriapropertycentre.com/for-rent/flats-apartments/lagos/lekki/lekki-phase-1/3676361-1-bedroom-furnished-apartment
delisted,Lekki Phase 1,2,Premium 11,30000000,,,https://nigeriapropertycentre.com/for-rent/flats-apartments/lagos/lekki/lekki-phase-1/3676333-furnished-2-bedroom-apartment-with-swimming-pool
delisted,Lekki Phase 1,3,Premium 10,15000000,,,https://nigeriapropertycentre.com/for-rent/flats-apartments/lagos/lekki/lekki-phase-1/3676291-3-bedroom-apartment-with-bq
delisted,Lekki Phase 1,3,"1–21 of 3,468 properties for rent Sort: Default Default Most recent Highest price Lowest price Verification status Premium Plus Top promoted listing 22 photos",20000000,,,https://nigeriapropertycentre.com/for-rent/flats-apartments/self-contained/lagos/lekki/lekki-phase-1/3659840-big-self-contain
delisted,Lekki Phase 1,2,Premium 24,18000000,,,https://nigeriapropertycentre.com/for-rent/flats-apartments/lagos/lekki/lekki-phase-1/3676134-2-bedroom-massionate
delisted,Lekki Phase 1,2,Premium 13,15000000,,,https://nigeriapropertycentre.com/for-rent/flats-apartments/lagos/lekki/lekki-phase-1/3674950-2-bedrooms-apartment-and-bq
delisted,Lekki Phase 1,2,Premium 18,8000000,,,https://nigeriapropertycentre.com/for-rent/flats-apartments/lagos/lekki/lekki-phase-1/3676064-spacious-2-bedroom-flat-only-2-units-in-compound-upstairs
delisted,Lekki Phase 1,2,Premium 25,10000000,,,https://nigeriapropertycentre.com/for-rent/flats-apartments/lagos/lekki/lekki-phase-1/3676050-spacious-2-bedroom-flat-with-6-car-parking-residential-or-commercial
delisted,Lekki Phase 1,,1–21 of 299 properties for sale Sort: Default Default Most recent Highest price Lowest price Verification status Premium Plus Top promoted listing 24 photos,1650000,,,https://nigeriapropertycentre.com/for-sale/land/residential-land/lagos/lekki/lekki-phase-1/3476015-waterfront-land
delisted,Lekki Phase 1,,"Premium 1 ₦2,200,000,000 Residential land for sale Prime 1335 SQM Plot nice Serena area by Noah's court tesmont close , very secured residential location, plot suitable for luxury ",2200000000,,,https://nigeriapropertycentre.com/for-sale/land/residential-land/lagos/lekki/lekki-phase-1/3674271-prime-1335-sqm-plot
delisted,Lekki Phase 1,,1–21 of 299 properties for sale Sort: Default Default Most recent Highest price Lowest price Verification status Premium Plus Top promoted listing 24 photos,1650000,,,https://nigeriapropertycentre.com/for-sale/land/residential-land/lagos/lekki/lekki-phase-1/3672189-exclusive-265-acres-of-residential-land
delisted,Lekki Phase 1,,1–21 of 299 properties for sale Sort: Default Default Most recent Highest price Lowest price Verification status Premium Plus Top promoted listing 24 photos,1650000,,,https://nigeriapropertycentre.com/for-sale/land/residential-land/lagos/lekki/lekki-phase-1/3667959-866-sqm-of-residential-land-with-structure
delisted,Lekki Phase 1,,1–21 of 299 properties for sale Sort: Default Default Most recent Highest price Lowest price Verification status Premium Plus Top promoted listing 24 photos,1650000,,,https://nigeriapropertycentre.com/for-sale/land/residential-land/lagos/lekki/lekki-phase-1/2996387-empty-land-size-2000-square-meter
delisted,Lekki Phase 1,,1–21 of 299 properties for sale Sort: Default Default Most recent Highest price Lowest price Verification status Premium Plus Top promoted listing 24 photos,1650000,,,https://nigeriapropertycentre.com/for-sale/land/residential-land/lagos/lekki/lekki-phase-1/3612103-830-sqm-land-with-demolishable-structure
delisted,Lekki Phase 1,,1–21 of 299 properties for sale Sort: Default Default Most recent Highest price Lowest price Verification status Premium Plus Top promoted listing 24 photos,1650000,,,https://nigeriapropertycentre.com/for-sale/land/residential-land/lagos/lekki/lekki-phase-1/2815360-original-allotted-1370-sqm-plot
delisted,Lekki Phase 1,,1–21 of 299 properties for sale Sort: Default Default Most recent Highest price Lowest price Verification status Premium Plus Top promoted listing 24 photos,1650000,,,https://nigeriapropertycentre.com/for-sale/land/residential-land/lagos/lekki/lekki-phase-1/3514433-1300-sqm-land
delisted,Lekki Phase 1,,1–21 of 299 properties for sale Sort: Default Default Most recent Highest price Lowest price Verification status Premium Plus Top promoted listing 24 photos,1650000,,,https://nigeriapropertycentre.com/for-sale/land/residential-land/lagos/lekki/lekki-phase-1/3514434-851-sqm-land-with-structure
delisted,Lekki Phase 1,,1–21 of 299 properties for sale Sort: Default Default Most recent Highest price Lowest price Verification status Premium Plus Top promoted listing 24 photos,1650000,,,https://nigeriapropertycentre.com/for-sale/land/residential-land/lagos/lekki/lekki-phase-1/3670882-1000-sqm-residential-land
delisted,Lekki Phase 1,,1–21 of 299 properties for sale Sort: Default Default Most recent Highest price Lowest price Verification status Premium Plus Top promoted listing 24 photos,1650000,,,https://nigeriapropertycentre.com/for-sale/land/residential-land/lagos/lekki/lekki-phase-1/2953424-residential-corner-piece-land-measuring-1-000sqm
delisted,Eko Atlantic,5,"Premium 12 $2,800,000 Flat / apartment for sale Exquisite 5 Bedroom Penthouse Suite Eden Heights, a 15-floor residential development on Elsie Femi Pearse Street in Victoria Island,",,,,https://nigeriapropertycentre.com/for-sale/flats-apartments/lagos/victoria-island/3674521-exquisite-5-bedroom-penthouse-suite
delisted,Eko Atlantic,4,Premium 11 Video,900000000,,,https://nigeriapropertycentre.com/for-sale/flats-apartments/lagos/victoria-island/3676279-luxurious-high-rise-4-bedroom-apartment-and-service-quaters
delisted,Eko Atlantic,3,"Premium 9 ₦700,000,000 Flat / apartment for sale 3 Bedroom Apartment Experience contemporary city living in this stunning 3-bedroom apartment situated in the prestigious and highly",700000000,,,https://nigeriapropertycentre.com/for-sale/flats-apartments/lagos/victoria-island/3676229-3-bedroom-apartment
delisted,Eko Atlantic,2,Premium 18,350000000,,,https://nigeriapropertycentre.com/for-sale/flats-apartments/lagos/victoria-island/oniru/3676018-cozy-2-bedroom-apartment
delisted,Eko Atlantic,3,Premium 13,620000000,,,https://nigeriapropertycentre.com/for-sale/flats-apartments/lagos/victoria-island/3675248-3-bedroom-flat-with-bq
delisted,Eko Atlantic,5,"1–21 of 1,570 properties for sale Sort: Default Default Most recent Highest price Lowest price Verification status Premium Plus Top promoted listing 13 photos",520000000,,,https://nigeriapropertycentre.com/for-sale/flats-apartments/lagos/victoria-island/3648647-4-bedroom-apartment-with-bq
delisted,Eko Atlantic,3,"Premium 6 ₦15,000,000 /yr Flat / apartment for rent Massive 3 Bedroom Apartment Semi Direct brief. Massive 3 bedroom Apartment Location: Oniru Rent - 15m Sc - 3m Agency - 10% Legal",15000000,,,https://nigeriapropertycentre.com/for-rent/flats-apartments/lagos/victoria-island/oniru/3676375-massive-3-bedroom-apartment
delisted,Eko Atlantic,1,Premium 19,9000000,,,https://nigeriapropertycentre.com/for-rent/flats-apartments/mini-flats/lagos/victoria-island/oniru/3676308-luxury-1-bedroom-mini-flat-with-visitors-toilet
delisted,Eko Atlantic,2,Premium 17,10000000,,,https://nigeriapropertycentre.com/for-rent/flats-apartments/lagos/victoria-island/3676176-2-bedroom-duplex
delisted,Eko Atlantic,3,"1–21 of 2,211 properties for rent Sort: Default Default Most recent Highest price Lowest price Verification status Premium Plus Top promoted listing 13 photos Video",60000000,,,https://nigeriapropertycentre.com/for-rent/flats-apartments/self-contained/lagos/victoria-island/3618188-fully-serviced-studio-apartment
delisted,Eko Atlantic,2,Premium 11,25000000,,,https://nigeriapropertycentre.com/for-rent/flats-apartments/lagos/victoria-island/oniru/3675959-a-fully-serviced-2-bedroom-apartment-with-a-room-bq
delisted,Eko Atlantic,3,Premium 13,20000000,,,https://nigeriapropertycentre.com/for-rent/flats-apartments/lagos/victoria-island/oniru/3675954-3-bedroom-flat-with-bq
delisted,Eko Atlantic,3,"1–21 of 2,211 properties for rent Sort: Default Default Most recent Highest price Lowest price Verification status Premium Plus Top promoted listing 13 photos Video",60000000,,,https://nigeriapropertycentre.com/for-rent/flats-apartments/mini-flats/lagos/victoria-island/oniru/3585912-mini-flat
delisted,Eko Atlantic,4,1–20 of 82 properties for sale Sort: Default Default Most recent Highest price Lowest price Verification status Premium,3100000000,,,https://nigeriapropertycentre.com/for-sale/land/residential-land/lagos/victoria-island/3675598-residential-land-corner-piece
delisted,Eko Atlantic,4,1–20 of 82 properties for sale Sort: Default Default Most recent Highest price Lowest price Verification status Premium,3100000000,,,https://nigeriapropertycentre.com/for-sale/land/residential-land/lagos/victoria-island/3659912-waterfront-residential-land
delisted,Eko Atlantic,,"Premium 1 $1,600 per sq.m Residential land for sale 2,300 SQM Land Location: Eko Atlantic City, Victoria Island, Lagos Property Type: Development Land Land Size: 2,300 SQM Price: U",,,,https://nigeriapropertycentre.com/for-sale/land/residential-land/lagos/victoria-island/3675051-2300-sqm-land
delisted,Eko Atlantic,4,1–20 of 82 properties for sale Sort: Default Default Most recent Highest price Lowest price Verification status Premium,3100000000,,,https://nigeriapropertycentre.com/for-sale/land/residential-land/lagos/victoria-island/3673667-residential-land
delisted,Eko Atlantic,4,1–20 of 82 properties for sale Sort: Default Default Most recent Highest price Lowest price Verification status Premium,3100000000,,,https://nigeriapropertycentre.com/for-sale/land/residential-land/lagos/victoria-island/3672989-land-in-victoria-island
delisted,Eko Atlantic,4,1–20 of 82 properties for sale Sort: Default Default Most recent Highest price Lowest price Verification status Premium,3100000000,,,https://nigeriapropertycentre.com/for-sale/land/residential-land/lagos/victoria-island/3665805-4000-sqm-land
delisted,Eko Atlantic,4,1–20 of 82 properties for sale Sort: Default Default Most recent Highest price Lowest price Verification status Premium,3100000000,,,https://nigeriapropertycentre.com/for-sale/land/residential-land/lagos/victoria-island/3660716-residential-land
delisted,Eko Atlantic,4,1–20 of 82 properties for sale Sort: Default Default Most recent Highest price Lowest price Verification status Premium,3100000000,,,https://nigeriapropertycentre.com/for-sale/land/residential-land/lagos/victoria-island/oniru/3659834-residential-land-with-water-iew
delisted,Eko Atlantic,4,1–20 of 82 properties for sale Sort: Default Default Most recent Highest price Lowest price Verification status Premium,3100000000,,,https://nigeriapropertycentre.com/for-sale/land/residential-land/lagos/victoria-island/oniru/3643145-residential-land-1-300sqm-with-demolishable-structure
delisted,Eko Atlantic,4,1–20 of 82 properties for sale Sort: Default Default Most recent Highest price Lowest price Verification status Premium,3100000000,,,https://nigeriapropertycentre.com/for-sale/land/residential-land/lagos/victoria-island/3654480-residential-land
delisted,Eko Atlantic,4,1–20 of 82 properties for sale Sort: Default Default Most recent Highest price Lowest price Verification status Premium,3100000000,,,https://nigeriapropertycentre.com/for-sale/land/residential-land/lagos/victoria-island/3558630-prime-land-and-detached-house
delisted,Ikeja GRA,2,"Premium 1 ₦52,000,000 Flat / apartment for sale Premium 2-Bedroom Apartment Beautifully Finished 2 Bedroom Apartment ---",52000000,,,https://nigeriapropertycentre.com/for-sale/flats-apartments/lagos/ikeja/alausa/3676387-premium-2-bedroom-apartment-beautifully-finished
delisted,Ikeja GRA,1,Premium 14,65000000,,,https://nigeriapropertycentre.com/for-sale/flats-apartments/mini-flats/lagos/ikeja/ogba/3676173-lovely-built-1-bedroom-apartment-in-serene-environment
delisted,Ikeja GRA,3,"Premium 7 ₦450,000,000 Flat / apartment for sale 3 Bedrooms Apartment All rooms ensuite 3bedrooms terrace with 1 room bq @ gra Ikeja. Title: C of O. Price: 450m Asking GRA Ikeja, I",450000000,,,https://nigeriapropertycentre.com/for-sale/flats-apartments/lagos/ikeja/gra/3676037-3-bedrooms-apartment
delisted,Ikeja GRA,2,Premium 11,150000000,,,https://nigeriapropertycentre.com/for-sale/flats-apartments/lagos/ikeja/ogba/3675955-newly-built-2-bedroom-luxury-apartment
delisted,Ikeja GRA,3,e - Beautiful woodworks - Great ambiance - Fully Fitted kitchen - Beautiful chandeliers - Clean water - Balcony - Water Heaters - Pop Ceiling Title: Certificate of occupancy Price:,200000000,,,https://nigeriapropertycentre.com/for-sale/flats-apartments/lagos/ikeja/opebi/3675887-nicely-built-3-bedroom-apartment-with-certificate-of-occupancy
delisted,Ikeja GRA,4,Premium 12,500000000,,,https://nigeriapropertycentre.com/for-sale/flats-apartments/lagos/ikeja/gra/3675849-4-bedrooms-apartment
delisted,Ikeja GRA,2,"Premium 7 ₦175,000,000 Flat / apartment for sale Modern 2 Bedroom Apartment Premium 2 Bedroom Apartment in Ikeja, only 10 minutes from the International Airport Road, Location - Ik",175000000,,,https://nigeriapropertycentre.com/for-sale/flats-apartments/lagos/ikeja/3675608-modern-2-bedroom-apartment
delisted,Ikeja GRA,2,Premium 17,85000000,,,https://nigeriapropertycentre.com/for-sale/flats-apartments/lagos/ikeja/ogba/3675574-exquisite-2-bedroom-apartment-in-serene-environment
delisted,Ikeja GRA,3,Premium 18,200000000,,,https://nigeriapropertycentre.com/for-sale/flats-apartments/lagos/ikeja/opebi/3675491-3-bedroom-apartment
delisted,Ikeja GRA,2,"emium luxury residence in the heart of Ikeja, one of Lagos' most prestigious and high-demand locations. Luxury 2-Bedroom Flat+ 1 Boys' Quarter Location: Opebi , Ikeja, Lagos Price:",180000000,,,https://nigeriapropertycentre.com/for-sale/flats-apartments/lagos/ikeja/opebi/3461703-classic-2-bedroom-flat-bq-in-lovely-location
delisted,Ikeja GRA,2,"Premium 8 ₦85,000,000 Flat / apartment for sale 2 Bedroom Mini Flat Newly built 2-bedroom mini flat Location: Ogba, Lagos Price:",85000000,,,https://nigeriapropertycentre.com/for-sale/flats-apartments/lagos/ikeja/ogba/3675035-2-bedroom-mini-flat
delisted,Ikeja GRA,2,"Marq Airport Road, Ikeja a fully furnished hospitality-inspired development positioned for comfortable living and strong short-let income. Available unit - 2-Bedroom Apartment ---",180000000,,,https://nigeriapropertycentre.com/for-sale/flats-apartments/lagos/ikeja/3674167-2-bedroom-furnished-apartment
delisted,Ikeja GRA,5,1–21 of 281 properties for sale Sort: Default Default Most recent Highest price Lowest price Verification status Premium Plus Top promoted listing 1 photo,15000000000,,,https://nigeriapropertycentre.com/for-sale/land/residential-land/lagos/ikeja/gra/3614070-6-445804-sqm-prime-residential-land
delisted,Ikeja GRA,,"Premium 1 ₦2,600,000 per sq.m Residential land for sale Prime Bare Land of Approximately 535SQM For sale a prime bare land of approximately 535sqm located in a secured and Serene C",2600000,,,https://nigeriapropertycentre.com/for-sale/land/residential-land/lagos/ikeja/gra/3676073-prime-bare-land-of-approximately-535sqm
delisted,Ikeja GRA,,"Premium 1 ₦220,000,000 per plot Residential land for sale 669.516SQM Residential Land For sales Location Omole Residential Scheme Block A Plot 22. Land size 669.516 sqm Price",220000000,,,https://nigeriapropertycentre.com/for-sale/land/residential-land/lagos/ikeja/omole-phase-1/3675724-669516sqm-residential-land
delisted,Ikeja GRA,,"Premium 1 ₦75,000,000 Residential land for sale Residential Land Half Plot For sale Location: At Adeniyi oke Street Akiode, Ikeja Lagos State. Land Size: ~30/120 (half plot of Land",75000000,,,https://nigeriapropertycentre.com/for-sale/land/residential-land/lagos/ikeja/3674457-residential-land-half-plot
delisted,Ikeja GRA,5,1–21 of 281 properties for sale Sort: Default Default Most recent Highest price Lowest price Verification status Premium Plus Top promoted listing 1 photo,15000000000,,,https://nigeriapropertycentre.com/for-sale/land/residential-land/lagos/ikeja/ogba/3668272-residential-land-plot
delisted,Ikeja GRA,5,1–21 of 281 properties for sale Sort: Default Default Most recent Highest price Lowest price Verification status Premium Plus Top promoted listing 1 photo,15000000000,,,https://nigeriapropertycentre.com/for-sale/land/residential-land/lagos/ikeja/ogba/3673331-residential-land
delisted,Ikeja GRA,5,1–21 of 281 properties for sale Sort: Default Default Most recent Highest price Lowest price Verification status Premium Plus Top promoted listing 1 photo,15000000000,,,https://nigeriapropertycentre.com/for-sale/land/residential-land/lagos/ikeja/omole-phase-2/3671932-residential-land
delisted,Ikeja GRA,5,1–21 of 281 properties for sale Sort: Default Default Most recent Highest price Lowest price Verification status Premium Plus Top promoted listing 1 photo,15000000000,,,https://nigeriapropertycentre.com/for-sale/land/residential-land/lagos/ikeja/agidingbi/3594341-400sqm-of-premium-residential-land-with-c-of-o
delisted,Ikeja GRA,5,1–21 of 281 properties for sale Sort: Default Default Most recent Highest price Lowest price Verification status Premium Plus Top promoted listing 1 photo,15000000000,,,https://nigeriapropertycentre.com/for-sale/land/residential-land/lagos/ikeja/3615203-500-sqm-residential-land
delisted,Ikeja GRA,5,1–21 of 281 properties for sale Sort: Default Default Most recent Highest price Lowest price Verification status Premium Plus Top promoted listing 1 photo,15000000000,,,https://nigeriapropertycentre.com/for-sale/land/residential-land/lagos/ikeja/gra/3642894-residential-land
delisted,Ikeja GRA,5,1–21 of 281 properties for sale Sort: Default Default Most recent Highest price Lowest price Verification status Premium Plus Top promoted listing 1 photo,15000000000,,,https://nigeriapropertycentre.com/for-sale/land/residential-land/lagos/ikeja/opebi/3670384-residential-land-with-4-flats
delisted,Ikeja GRA,5,1–21 of 281 properties for sale Sort: Default Default Most recent Highest price Lowest price Verification status Premium Plus Top promoted listing 1 photo,15000000000,,,https://nigeriapropertycentre.com/for-sale/land/residential-land/lagos/ikeja/omole-phase-1/3670256-residential-land-with-demolishable-bungalow
delisted,Ikeja GRA,2,"Premium 3 ₦3,000,000 /yr Flat / apartment for rent Lovely 2 Bedroom Flat Ajayi Road, Ogba, Ikeja, Lagos Added today 2 beds 2 baths 3 toilets Owoyemi Olajide & Co",3000000,,,https://nigeriapropertycentre.com/for-rent/flats-apartments/lagos/ikeja/ogba/3676075-lovely-2-bedroom-flat
delisted,Ikeja GRA,2,Premium 10,4500000,,,https://nigeriapropertycentre.com/for-rent/flats-apartments/lagos/ikeja/omole-phase-2/3675656-newly-built-luxury-2-bedroom-flat
delisted,Ikeja GRA,2,Premium 10,4500000,,,https://nigeriapropertycentre.com/for-rent/flats-apartments/lagos/ikeja/omole-phase-2/3675639-a-newly-built-spacious-2-bedroom-flat
delisted,Ikeja GRA,2,"Premium ₦4,500,000 /yr Flat / apartment for rent 2 Bedroom Flat Just out to let!!! Newly built 2 bedroom flat at Z A Williams kayfarm estate obawole. 4m down at 4.5m up. Call for i",4500000,,,https://nigeriapropertycentre.com/for-rent/flats-apartments/lagos/ikeja/ogba/3675157-2-bedroom-flat
delisted,Ikeja GRA,1,"Premium 7 ₦1,600,000 /yr Mini flat (room and parlour) for rent Spacious Mini Flat with Extra Lobby Off Ajayi Road, Ogba, Ikeja, Lagos Added yesterday 1 bed Ojoor Properties and Glo",1600000,,,https://nigeriapropertycentre.com/for-rent/flats-apartments/mini-flats/lagos/ikeja/ogba/3674354-spacious-mini-flat-with-extra-lobby
delisted,Ikeja GRA,3,edroom Flat 3-bedroom flat omole estate phase property details: - Type: 3-Bedroom Flat - Location: Omole Estate Phase 2 - Very Good Location - Client: Corporate Client Needed rent:,8000000,,,https://nigeriapropertycentre.com/for-rent/flats-apartments/lagos/ikeja/omole-phase-2/3673874-specious-3-bedroom-flat
delisted,Ikeja GRA,3,1–20 of 541 properties for rent Sort: Default Default Most recent Highest price Lowest price Verification status Premium 12,30000000,,,https://nigeriapropertycentre.com/for-rent/flats-apartments/mini-flats/lagos/ikeja/ogba/3673183-newly-built-mini-flat
delisted,Ikeja GRA,3,1–20 of 541 properties for rent Sort: Default Default Most recent Highest price Lowest price Verification status Premium 12,30000000,,,https://nigeriapropertycentre.com/for-rent/flats-apartments/mini-flats/lagos/ikeja/ogba/3449717-a-room-and-parlour-upstairs-with-2-toilets
delisted,Ikeja GRA,3,1–20 of 541 properties for rent Sort: Default Default Most recent Highest price Lowest price Verification status Premium 12,30000000,,,https://nigeriapropertycentre.com/for-rent/flats-apartments/self-contained/lagos/ikeja/oregun/3672697-beautiful-fully-furnished-massive-room-self-contain-upstairs
delisted,Asokoro,3,Premium 6 Video,600000000,,,https://nigeriapropertycentre.com/for-sale/flats-apartments/abuja/asokoro-district/3676351-3-bedroom-apartment-with-maid-room
delisted,Asokoro,,"Premium 4 ₦60,000,000 Residential land for sale New Asokoro Opportunity 1,315SQM Plot 16756 New Asokoro opportunity 1,315sqm Plot 16756",60000000,,,https://nigeriapropertycentre.com/for-sale/land/residential-land/abuja/asokoro-district/3675444-new-asokoro-opportunity-1315sqm-plot-16756
delisted,Asokoro,,"Premium 3 ₦198,750,000 per plot Residential land for sale Estate Land Behind Ait, Asokoro District, Abuja Added yesterday 5 Parking 250 sqm Xtric Global Limited",198750000,,,https://nigeriapropertycentre.com/for-sale/land/residential-land/abuja/asokoro-district/3674605-estate-land
delisted,Asokoro,4,1–20 of 126 properties for sale Sort: Default Default Most recent Highest price Lowest price Verification status Premium 4,60000000,,,https://nigeriapropertycentre.com/for-sale/land/residential-land/abuja/asokoro-district/3669331-residential-land
delisted,Asokoro,4,1–20 of 126 properties for sale Sort: Default Default Most recent Highest price Lowest price Verification status Premium 4,60000000,,,https://nigeriapropertycentre.com/for-sale/land/residential-land/abuja/asokoro-district/3669288-residential-land-in-asokoro
delisted,Asokoro,,Mshel Villa Estate Asokoro New listings -- Asokoro main Discover premium real estate in one of Abuja's most prestigious and secure locations. Available options Land Sizes: 250sqm -,222000000,,,https://nigeriapropertycentre.com/for-sale/land/residential-land/abuja/asokoro-district/3470892-residential-estate-plot-350sqm-in-mshel-villa-estate-asokoro
delisted,Asokoro,4,1–20 of 126 properties for sale Sort: Default Default Most recent Highest price Lowest price Verification status Premium 4,60000000,,,https://nigeriapropertycentre.com/for-sale/land/residential-land/abuja/asokoro-district/3641950-residential-land
delisted,Asokoro,3,"ished Serviced Apartment Exclusive: 3 Bedroom fully furnished and serviced apartment Location: Asokoro district abuja. Rent: $40,000 per annum. (SLIGHTLY negotiable) service charge",,,,https://nigeriapropertycentre.com/for-rent/flats-apartments/abuja/asokoro-district/3675567-3-bedroom-furnished-serviced-apartment
delisted,Maitama,2,-Fully serviced 2-bedroom flat -24-hour power supply -Swimming pool -Fully equipped gym -Modern and well-maintained facilities -Secure and serene environment Rental Details: -Rent:,15000000,,,https://nigeriapropertycentre.com/for-rent/flats-apartments/abuja/maitama-district/3676060-nice-finished-serviced-2-bedroom-flat
delisted,Maitama,3,Premium 10,30000000,,,https://nigeriapropertycentre.com/for-rent/flats-apartments/abuja/maitama-district/3675675-3-bedroom-serviced-apartment
delisted,Maitama,2,Premium 11,8000000,,,https://nigeriapropertycentre.com/for-rent/flats-apartments/abuja/maitama-district/3675512-neatly-finished-2-bedroom-apartment-inside-a-secured-estate-with-ac
delisted,Maitama,2,Premium 1 Video,30000000,,,https://nigeriapropertycentre.com/for-rent/flats-apartments/abuja/maitama-district/3674572-2-bedroom-furnished-flat
delisted,Maitama,5,1–20 of 126 properties for sale Sort: Default Default Most recent Highest price Lowest price Verification status Premium 4,20000000,,,https://nigeriapropertycentre.com/for-sale/land/residential-land/abuja/maitama-district/3672673-residential-plot-measuring-1053sqm
delisted,Maitama,5,1–20 of 126 properties for sale Sort: Default Default Most recent Highest price Lowest price Verification status Premium 4,20000000,,,https://nigeriapropertycentre.com/for-sale/land/residential-land/abuja/maitama-district/3667079-800sqm-of-a-residential-land
delisted,Maitama,5,1–20 of 126 properties for sale Sort: Default Default Most recent Highest price Lowest price Verification status Premium 4,20000000,,,https://nigeriapropertycentre.com/for-sale/land/residential-land/abuja/maitama-district/3662742-residential-land-1100-sqm
delisted,Maitama,5,1–20 of 126 properties for sale Sort: Default Default Most recent Highest price Lowest price Verification status Premium 4,20000000,,,https://nigeriapropertycentre.com/for-sale/land/residential-land/abuja/maitama-district/3662740-residential-land
delisted,Maitama,,"trajectory, offering a premium lifestyle designed for those who want to enjoy life to its fullest potential. Currently Selling Estate Land 450sqm (8 Bedroom Fully Detached Duplex):",825000000,,,https://nigeriapropertycentre.com/for-sale/land/residential-land/abuja/maitama-district/3660861-estate-plot-in-a-serene-environment
delisted,Wuse,4,"Premium 2 ₦7,500,000 /yr Flat / apartment for rent 4 Bedroom Flat A Neatly meantain 4 bedroom flat in a block of flat (3 floor) Location: Wuse zones 6, Plot 45, Yaunda street. Rent",7500000,,,https://nigeriapropertycentre.com/for-rent/flats-apartments/abuja/wuse/3675217-4-bedroom-flat
delisted,Wuse,,Premium 13,1000000000,,,https://nigeriapropertycentre.com/for-sale/land/residential-land/abuja/wuse/3675202-prime-multipurpose-land
delisted,Wuse,3,1–13 of 13 properties for sale Sort: Default Default Most recent Highest price Lowest price Verification status Premium 13,1000000000,,,https://nigeriapropertycentre.com/for-sale/land/residential-land/abuja/wuse/zone-6/3642112-2000sqm-of-a-residential-land-with-old-building
delisted,Wuse,3,1–13 of 13 properties for sale Sort: Default Default Most recent Highest price Lowest price Verification status Premium 13,1000000000,,,https://nigeriapropertycentre.com/for-sale/land/residential-land/abuja/wuse/zone-1/3615763-1600sqm-of-a-residential-land
delisted,Wuse,3,1–13 of 13 properties for sale Sort: Default Default Most recent Highest price Lowest price Verification status Premium 13,1000000000,,,https://nigeriapropertycentre.com/for-sale/land/residential-land/abuja/wuse/3604838-a-must-buy-resort-estate-with-plots-of-land-at-18-months-payment
delisted,Wuse,3,1–13 of 13 properties for sale Sort: Default Default Most recent Highest price Lowest price Verification status Premium 13,1000000000,,,https://nigeriapropertycentre.com/for-sale/land/residential-land/abuja/wuse/3642148-1-300-sqm-residential-land
delisted,Wuse,3,1–13 of 13 properties for sale Sort: Default Default Most recent Highest price Lowest price Verification status Premium 13,1000000000,,,https://nigeriapropertycentre.com/for-sale/land/residential-land/abuja/wuse/3599069-hutu-exclusive-premium-land-with-fcda
delisted,Wuse,3,1–13 of 13 properties for sale Sort: Default Default Most recent Highest price Lowest price Verification status Premium 13,1000000000,,,https://nigeriapropertycentre.com/for-sale/land/residential-land/abuja/wuse/3503168-buy-and-build-in-a-gated-estate-with-fcda
delisted,Wuse,3,1–13 of 13 properties for sale Sort: Default Default Most recent Highest price Lowest price Verification status Premium 13,1000000000,,,https://nigeriapropertycentre.com/for-sale/land/residential-land/abuja/wuse/zone-3/3640335-700sqm-of-a-residential-land
delisted,Wuse,3,1–13 of 13 properties for sale Sort: Default Default Most recent Highest price Lowest price Verification status Premium 13,1000000000,,,https://nigeriapropertycentre.com/for-sale/land/residential-land/abuja/wuse/zone-5/3518037-935sqm-of-a-residential-land
delisted,Wuse,3,1–13 of 13 properties for sale Sort: Default Default Most recent Highest price Lowest price Verification status Premium 13,1000000000,,,https://nigeriapropertycentre.com/for-sale/land/residential-land/abuja/wuse/zone-5/3438554-3340sqm
delisted,Wuse,3,1–13 of 13 properties for sale Sort: Default Default Most recent Highest price Lowest price Verification status Premium 13,1000000000,,,https://nigeriapropertycentre.com/for-sale/land/residential-land/abuja/wuse/zone-2/3086235-5000sqm-of-residential-land
delisted,Wuse,3,1–13 of 13 properties for sale Sort: Default Default Most recent Highest price Lowest price Verification status Premium 13,1000000000,,,https://nigeriapropertycentre.com/for-sale/land/residential-land/abuja/wuse/3362443-residential-land-use
